,X,DN,JigRMS,Light,LightIR,Paddles,T,camon,flownoise,head,p,pitch,roll,speedFN,tagon,Aw.1,Aw.2,Aw.3,r,sec,MSA,jerk,dive,event,min.p,max.p,max.speed,min.speed,delta.speed,delta.p,tag,DateTime, LAT, LON
38503,52295,735709.5,-31.60412,NA,NA,0,4.95612,1,NA,54.39256,31.60902,92.69763,-26.34547,3.066421,1,0.9189709,0.3890601,-0.785633,38503,7700.6,2.648546,14.92051,58,lunge,17.21701,31.91991,3.118834,1,2.2064408,14.7029,mn14_110a,4/20/2014 12:21,57.854202,-134.123516
39119,52911,735709.5,-31.60624,NA,NA,0,4.916067,1,NA,-32.14784,40.12365,90.71307,-2.160046,2.798042,1,0.8057998,0.02999574,-0.7952677,39119,7823.8,1.299847,12.39899,58,lunge,23.65517,44.52173,2.848189,1.164364,1.683825,20.86656,mn14_110a,4/20/2014 12:23,57.85333,-134.122635
75273,89065,735709.6,-23.78048,NA,NA,0,4.769762,1,NA,55.46209,54.58343,46.26985,-42.19645,3.707947,1,0.4333219,0.6812093,-0.7513628,75273,15054.6,1.008978,25.37132,115,lunge,42.38681,54.84199,3.753369,1,2.9000898,12.45518,mn14_110a,4/20/2014 14:23,57.822979,-134.079065
78890,92682,735709.6,-19.44389,NA,NA,0,4.608654,1,NA,83.28683,50.49831,79.85248,-34.43949,3.326169,1,0.8675341,0.5862308,-0.854904,78890,15778,3.44918,33.39238,118,lunge,39.4452,50.59686,3.806507,1,3.1398837,11.15166,mn14_110a,4/20/2014 14:35,57.819132,-134.077391
82066,95858,735709.6,-25.95737,NA,NA,0,4.544522,1,NA,-140.2826,66.92414,62.38608,8.612895,3.527176,1,0.6990215,-0.1729012,-1.141518,82066,16413.2,3.42902,16.4359,122,lunge,51.31126,66.92414,3.747542,1.399186,2.348356,15.61288,mn14_110a,4/20/2014 14:46,57.817588,-134.062805
82465,96257,735709.6,-22.90255,NA,NA,0,4.525557,1,NA,108.4903,65.9298,57.87587,-20.54927,3.745479,1,0.6299165,0.3999117,-1.066815,82465,16493,2.960155,29.5134,122,lunge,35.87205,65.98654,4.408448,1.115571,3.292877,30.11449,mn14_110a,4/20/2014 14:47,57.817511,-134.060648
84349,98141,735709.6,-16.11896,NA,NA,0,4.827253,1,NA,-57.13385,67.93985,103.8555,2.777369,4.150288,1,1.008681,-0.03828542,-0.789191,84349,16869.8,2.758597,21.48816,131,lunge,41.52846,69.08495,4.474811,1,3.634436,27.55649,mn14_110a,4/20/2014 14:54,57.815224,-134.056557
86763,100555,735709.6,-16.11815,NA,NA,0,4.813468,1,NA,-44.64674,52.89824,103.9238,-15.24621,4.219667,1,1.290652,0.2655315,-0.9742121,86763,17352.6,6.263631,35.49691,137,lunge,29.69938,55.24403,4.357444,1.225611,3.131833,25.54465,mn14_110a,4/20/2014 15:02,57.814025,-134.054602
87638,101430,735709.6,-17.16348,NA,NA,0,4.900326,1,NA,-116.9961,61.29872,90.90425,-15.75865,3.959327,1,1.104852,0.2953635,-1.046675,87638,17527.6,5.396713,36.66006,139,lunge,33.01715,62.00655,4.322472,1.818297,2.504175,28.9894,mn14_110a,4/20/2014 15:05,57.81437,-134.054974
88660,102452,735709.6,-19.30206,NA,NA,0,4.903904,1,NA,132.3806,56.79397,75.93296,-0.9592482,3.783216,1,0.982561,0.02107956,-1.258962,88660,17732,5.855942,25.7292,142,lunge,29.58045,56.79397,4.366517,1,3.9331588,27.21352,mn14_110a,4/20/2014 15:08,57.811452,-134.053879
90218,104010,735709.6,-18.47414,NA,NA,0,4.779345,1,NA,6.009546,63.17872,78.43257,-6.104368,3.962732,1,1.043821,0.1360202,-1.271856,90218,18043.6,6.383769,26.05979,144,lunge,43.31703,63.7098,4.019451,1.272945,2.746506,20.39277,mn14_110a,4/20/2014 15:13,57.811246,-134.046812
91452,105244,735709.6,-18.46462,NA,NA,0,5.000611,1,NA,14.61019,61.4211,40.52152,-15.09175,3.599125,1,0.3884914,0.2740198,-1.016145,91452,18290.4,1.195005,20.52276,148,lunge,36.34241,61.50612,4.446052,1.036878,3.409174,25.16371,mn14_110a,4/20/2014 15:17,57.808076,-134.048629
92767,106559,735709.6,-25.90441,NA,NA,0,4.664711,1,NA,-26.2162,62.94604,92.05758,-0.6636873,3.515509,1,0.8066475,0.009013955,-0.7781353,92767,18553.4,1.184921,19.3982,148,lunge,42.81318,63.22459,3.700547,1,2.8091156,20.41141,mn14_110a,4/20/2014 15:22,57.803255,-134.048721
94006,107798,735709.6,-15.55444,NA,NA,0,4.951131,1,NA,149.8299,60.8353,51.72251,-7.827906,3.91964,1,0.493986,0.1387964,-1.009581,94006,18801.2,1.299314,22.16405,152,lunge,32.53472,65.71779,4.458185,1.488048,2.970137,33.18307,mn14_110a,4/20/2014 15:26,57.798998,-134.049942
95323,109115,735709.6,-21.64159,NA,NA,0,4.943201,1,NA,33.98846,66.91544,124.9557,-7.981052,3.703696,1,1.0691,0.07734589,-0.5516683,95323,19064.6,2.015535,16.81279,156,lunge,42.99884,68.09279,3.934956,1.132721,2.802235,25.09395,mn14_110a,4/20/2014 15:30,57.799607,-134.049613
96012,109804,735709.6,-35.20223,NA,NA,0,4.713361,1,NA,63.89796,65.11643,-33.22157,8.994905,2.84164,1,-0.2262426,-0.1185724,-0.7490678,96012,19202.4,-2.045458,15.79765,156,lunge,50.92891,65.51126,3.873544,1,3.3809487,14.58235,mn14_110a,4/20/2014 15:32,57.799402,-134.051334
97847,111639,735709.7,-22.7868,NA,NA,0,4.950614,1,NA,85.09409,68.34935,72.45967,-3.822124,3.758405,1,0.7876121,0.07165599,-1.07257,97847,19569.4,3.261878,25.16971,162,lunge,46.99326,68.60115,4.364944,1.252973,3.111971,21.60789,mn14_110a,4/20/2014 15:39,57.792184,-134.043712
99663,113455,735709.7,-29.05636,NA,NA,0,4.710603,1,NA,-73.73305,62.01236,-2.93745,-16.11323,3.252013,1,-0.02859429,0.3095184,-1.071423,99663,19932.6,1.133663,16.48584,165,lunge,34.98056,65.12012,3.773691,2.222188,1.551503,30.13956,mn14_110a,4/20/2014 15:45,57.786605,-134.047787
101403,115195,735709.7,-31.17456,NA,NA,0,4.719133,1,NA,136.2502,68.48297,-58.99258,7.749327,3.157726,1,-0.4384675,-0.1045147,-0.768027,101403,20280.6,-1.073541,15.00195,170,lunge,50.95089,69.49806,3.668385,1,2.9978999,18.54717,mn14_110a,4/20/2014 15:50,57.790196,-134.043397
103179,116971,735709.7,-27.03023,NA,NA,0,4.658538,1,NA,10.78829,64.19734,37.85356,-50.46375,3.526803,1,0.3723647,0.8374946,-0.6912677,103179,20635.8,1.451383,12.55186,175,lunge,62.79136,68.08423,3.613466,1.697883,1.915583,5.29287,mn14_110a,4/20/2014 15:56,57.792093,-134.03612
103830,117622,735709.7,-17.16978,NA,NA,0,4.566777,1,NA,92.72996,64.9857,135.0499,59.04225,3.618598,1,1.200057,-0.4257442,-0.2553858,103830,20766,2.929224,20.43451,175,lunge,41.53025,65.99803,3.754869,1,2.8970226,24.46778,mn14_110a,4/20/2014 15:58,57.792753,-134.032245
105467,119259,735709.7,-37.33237,NA,NA,0,4.94936,1,NA,-152.5292,55.96889,-55.13113,-40.63062,2.61012,1,-0.4168716,0.5200129,-0.6060537,105467,21093.4,-0.972516,11.51878,180,lunge,44.77451,57.2509,3.887071,2.292994,1.594077,12.47639,mn14_110a,4/20/2014 16:04,57.787862,-134.033244
109008,122800,735709.7,-25.13419,NA,NA,0,4.642407,1,NA,-111.2592,70.20099,-26.70461,-7.266568,3.432124,1,-0.2347562,0.1251014,-0.9811113,109008,21801.6,0.1621373,23.38898,185,lunge,42.65647,70.98036,4.346553,1.397908,2.948645,28.32389,mn14_110a,4/20/2014 16:16,57.775191,-134.027194
110627,124419,735709.7,-25.74158,NA,NA,0,4.749272,1,NA,40.34863,54.5358,70.47405,-40.05896,3.527482,1,0.6669571,0.6076486,-0.7226558,110627,22125.4,1.529685,19.96256,189,lunge,44.36738,54.5619,3.554789,2.426674,1.128115,10.19452,mn14_110a,4/20/2014 16:21,57.775103,-134.032036
110839,124631,735709.7,-14.03648,NA,NA,0,4.682502,1,NA,-107.2968,41.15838,30.91563,-1.748441,4.150066,1,0.2373321,0.02618618,-0.8578454,110839,22167.8,-1.074265,25.47496,189,lunge,20.85861,45.05115,4.58291,1.002778,3.580132,24.19254,mn14_110a,4/20/2014 16:22,57.774864,-134.033598
112131,125923,735709.7,-19.80578,NA,NA,0,4.840509,1,NA,13.42954,66.36531,119.8299,-15.64243,3.833335,1,0.9463541,0.147827,-0.527947,112131,22426.2,0.9188257,17.39138,193,lunge,44.05597,67.97731,3.840017,1,3.4672402,23.92134,mn14_110a,4/20/2014 16:26,57.772034,-134.038124
116757,130549,735709.7,-20.21714,NA,NA,0,4.843442,1,NA,-129.7393,71.05653,58.88827,-10.58097,3.482331,1,0.7592226,0.2469716,-1.32211,116757,23351.4,5.33943,25.47006,202,lunge,40.80046,71.05653,4.29506,1.014854,3.280206,30.25607,mn14_110a,4/20/2014 16:42,57.766582,-134.042123
118241,132033,735709.7,-32.06118,NA,NA,0,4.661909,1,NA,140.6836,68.02947,-10.78818,-0.9213453,2.5934,1,-0.08408624,0.0143194,-0.8904048,118241,23648.2,-1.034788,30.09964,202,lunge,37.75604,69.14551,4.474254,1.3961,3.078154,31.38947,mn14_110a,4/20/2014 16:47,57.764219,-134.04218
120456,134248,735709.7,-26.32988,NA,NA,0,4.78257,1,NA,93.65718,62.47188,-10.44952,-12.30178,3.431698,1,-0.09162415,0.2134832,-0.9789762,120456,24091.2,0.06044115,31.43108,209,lunge,39.40616,63.82671,4.334758,1.036036,3.298722,24.42055,mn14_110a,4/20/2014 16:54,57.76633,-134.039048
121387,135179,735709.7,-14.9038,NA,NA,0,4.846832,1,NA,-7.935759,60.57757,69.37099,-15.16842,4.263484,1,0.7377588,0.278936,-1.028896,121387,24277.4,2.906944,19.58238,213,lunge,22.98859,62.09056,4.369529,2.651763,1.717766,39.10197,mn14_110a,4/20/2014 16:57,57.767396,-134.0434
122492,136284,735709.7,-15.63972,NA,NA,0,4.829574,1,NA,47.69947,73.63326,101.581,2.068222,3.825701,1,1.120156,-0.03298162,-0.9132902,122492,24498.4,4.370439,23.84376,215,lunge,50.26434,75.24138,4.032707,1.291531,2.741176,24.97704,mn14_110a,4/20/2014 17:01,57.767809,-134.045676
122927,136719,735709.7,-19.17859,NA,NA,0,4.704965,1,NA,28.15789,73.74641,106.5304,-4.990764,3.911308,1,1.066859,0.0692674,-0.7932027,122927,24585.4,3.248195,23.98172,215,lunge,55.19685,76.77358,4.021411,1,3.5343507,21.57673,mn14_110a,4/20/2014 17:02,57.768563,-134.04536
127381,141173,735709.7,-23.39928,NA,NA,0,4.836598,1,NA,16.90195,69.89684,72.65113,-15.93828,3.575553,1,0.9213296,0.3440942,-1.204896,127381,25476.2,5.445837,21.19857,225,lunge,51.36401,69.94228,3.711734,1.170887,2.540847,18.57827,mn14_110a,4/20/2014 17:17,57.763747,-134.046791
129064,142856,735709.7,-21.02129,NA,NA,0,4.744056,1,NA,-85.68527,58.09107,2.348272,-17.76417,3.675819,1,0.02020109,0.3007185,-0.9386446,129064,25812.8,-0.1387978,24.77931,230,lunge,36.61059,61.6911,4.331525,1.467387,2.864138,25.08051,mn14_110a,4/20/2014 17:23,57.761774,-134.049746
130684,144476,735709.7,-21.05675,NA,NA,0,4.894156,1,NA,-89.69117,72.80747,69.62968,2.131046,3.713153,1,0.750366,-0.04012427,-1.078293,130684,26136.8,3.08219,15.5534,236,lunge,53.08075,72.80747,3.757626,1.270414,2.487212,19.72672,mn14_110a,4/20/2014 17:28,57.76343,-134.053503
132207,145999,735709.7,-16.70675,NA,NA,0,4.55088,1,NA,38.74948,67.78232,131.8974,5.348007,3.951617,1,1.112703,-0.04628562,-0.4944392,132207,26441.4,2.142663,26.65689,236,lunge,39.82305,69.30701,4.377321,1.365098,3.012223,29.48396,mn14_110a,4/20/2014 17:33,57.768519,-134.044012
133436,147228,735709.7,-13.43068,NA,NA,0,4.938567,1,NA,28.89663,66.98804,126.3249,-0.04124787,4.2524,1,1.353351,0.000492952,-0.6847398,133436,26687.2,5.067256,27.97352,238,lunge,41.88768,69.6914,4.300753,1.412369,2.888384,27.80372,mn14_110a,4/20/2014 17:37,57.768072,-134.042397
135789,149581,735709.7,-20.62727,NA,NA,0,4.585272,1,NA,33.06576,68.27872,94.60467,1.324218,3.534426,1,0.9139358,-0.01948828,-0.8430615,135789,27157.8,2.388388,23.07658,240,lunge,39.73708,68.32898,4.173487,1.638828,2.534659,28.5919,mn14_110a,4/20/2014 17:45,57.772705,-134.038439
141048,154840,735709.8,-15.49715,NA,NA,0,4.63448,1,NA,119.8085,58.89827,90.84669,-13.15801,4.287603,1,1.051819,0.2359209,-1.00918,141048,28209.6,4.674106,24.55854,251,lunge,26.86194,58.89827,4.485854,1,3.6055287,32.03633,mn14_110a,4/20/2014 18:03,57.761879,-134.044315
142695,156487,735709.8,-20.50461,NA,NA,0,4.662719,1,NA,-4.909084,69.92392,35.8948,-15.25177,3.76576,1,0.4148895,0.3369544,-1.235784,142695,28539,3.397174,29.65429,255,lunge,51.84862,71.56192,4.441919,1.765156,2.676763,19.7133,mn14_110a,4/20/2014 18:08,57.763466,-134.051708
145351,159143,735709.8,-22.76482,NA,NA,0,4.536515,1,NA,92.8734,65.39901,-11.79622,-13.01945,4.031367,1,-0.09759234,0.2128205,-0.9204018,145351,29070.2,-0.4931389,26.08721,259,lunge,38.67661,67.05465,4.548611,1.360905,3.187706,28.37804,mn14_110a,4/20/2014 18:17,57.764645,-134.050572
158006,171798,735709.8,-18.26935,NA,NA,0,4.549159,1,NA,-32.20613,68.93886,55.55039,0.4376489,3.904495,1,0.4706253,-0.006825299,-0.8935317,158006,31601.2,0.09725913,17.44562,278,lunge,45.75831,71.06659,3.946743,1,3.0274338,25.30828,mn14_110a,4/20/2014 18:59,57.764796,-134.045274
162554,176346,735709.8,-21.52396,NA,NA,0,4.844665,1,NA,-158.1853,55.06954,-34.61751,-15.95053,3.586746,1,-0.2605343,0.229747,-0.8038417,162554,32510.8,-1.219119,22.79149,286,lunge,24.54468,55.91916,4.56761,2.920507,1.647103,31.37448,mn14_110a,4/20/2014 19:14,57.766797,-134.045365
165921,179713,735709.8,-22.00933,NA,NA,0,4.506916,1,NA,87.19287,63.82518,144.2551,36.97985,3.185345,1,1.357886,-0.2633901,-0.3497863,165921,33184.2,4.184866,15.90629,288,lunge,42.49919,64.06269,3.240068,1.091394,2.148674,21.5635,mn14_110a,4/20/2014 19:25,57.767923,-134.043677
167906,181698,735709.8,-15.53652,NA,NA,0,4.561647,1,NA,-175.5274,44.70887,143.5993,56.0682,4.352381,1,1.349907,-0.3682513,-0.2477514,167906,33581.2,4.128591,22.04344,293,lunge,22.26448,53.87395,4.352381,1,4.0724512,31.60947,mn14_110a,4/20/2014 19:32,57.764706,-134.041706
169347,183139,735709.8,-28.90233,NA,NA,0,4.700035,1,NA,-65.0195,51.48287,57.92237,-21.99933,2.882167,1,0.428363,0.2899459,-0.7176654,169347,33869.4,-1.131189,23.74786,297,lunge,22.92989,54.82185,4.419684,2.882167,1.537517,31.89196,mn14_110a,4/20/2014 19:37,57.762347,-134.048299
172001,185793,735709.8,-30.98168,NA,NA,0,4.588235,1,NA,168.6602,51.11635,6.481539,-2.954822,3.085233,1,0.05045648,0.04593504,-0.8899184,172001,34400.2,-1.053916,22.61599,301,lunge,27.19043,53.26509,4.145997,1.124028,3.021969,26.07466,mn14_110a,4/20/2014 19:46,57.756611,-134.030384
174040,187832,735709.8,-17.16367,NA,NA,0,4.7448,1,NA,-85.28458,59.99737,100.1572,11.47374,3.893771,1,1.300982,-0.2165461,-1.066861,174040,34808,6.828959,15.9405,304,lunge,36.33255,60.92401,4.069488,1,3.1506151,24.59146,mn14_110a,4/20/2014 19:53,57.752585,-134.032675
176571,190363,735709.8,-22.65502,NA,NA,0,4.840718,1,NA,133.2677,49.04476,88.15902,19.54316,3.61158,1,1.025416,-0.3542215,-0.997901,176571,35314.2,4.648622,24.6308,309,lunge,24.35327,49.04476,3.898292,1.275071,2.623221,24.69149,mn14_110a,4/20/2014 20:01,57.746159,-134.028786
179153,192945,735709.8,-16.62799,NA,NA,0,4.806709,1,NA,-21.74327,47.15993,138.0624,59.87638,4.077673,1,1.267726,-0.4202271,-0.2438287,179153,35830.6,3.507198,14.03159,313,lunge,27.5481,49.00822,4.209273,1,3.4083764,21.46012,mn14_110a,4/20/2014 20:10,57.747013,-134.025749
198529,212321,735709.9,-43.9342,NA,NA,0,5.108266,1,NA,-40.39479,11.5942,113.1987,63.2734,1.977136,1,1.011098,-0.5954827,-0.2998431,198529,39705.8,2.070432,6.267723,346,lunge,2.218203,11.956,1.980736,1,1.5252057,9.737797,mn14_110a,4/20/2014 21:14,57.708396,-133.98464
198819,212611,735709.9,-38.08481,NA,NA,0,5.128439,1,NA,-135.5918,12.99038,149.345,31.36858,2.175843,1,1.209218,-0.1725222,-0.2829855,198819,39763.8,2.489078,12.17098,347,lunge,2.267861,13.36371,2.247388,1,2.26725186,11.095849,mn14_110a,4/20/2014 21:15,57.708164,-133.984859
199114,212906,735709.9,-42.21406,NA,NA,0,5.13747,1,NA,-14.75209,9.708988,115.5786,51.92967,1.981605,1,0.9451048,-0.4687393,-0.3671468,199114,39822.8,1.147586,6.418414,348,lunge,1.816022,10.16967,2.220298,1,1.8427225,8.353648,mn14_110a,4/20/2014 21:16,57.707917,-133.98492
199387,213179,735709.9,-36.02209,NA,NA,0,5.137642,1,NA,-70.9197,11.17351,133.3524,61.5664,2.52103,1,1.114785,-0.4226706,-0.2288576,199387,39877.4,2.09853,6.795057,349,lunge,1.935321,11.6027,2.529017,1,1.864843,9.667379,mn14_110a,4/20/2014 21:17,57.707684,-133.985569
201180,214972,735709.9,-44.90316,NA,NA,0,5.224156,1,NA,-94.1145,9.993864,126.224,48.3443,1.774638,1,0.7997369,-0.3029845,-0.2695294,201180,40236,-1.013279,4.430863,356,lunge,1.965353,11.47398,2.31245,1,1.6080377,9.508627,mn14_110a,4/20/2014 21:23,57.706939,-133.980145
201489,215281,735709.9,-42.37636,NA,NA,0,5.230586,1,NA,139.2183,9.468746,99.45378,26.44356,1.647237,1,0.6979941,-0.2633506,-0.5295051,201489,40297.8,-0.8351731,5.308044,357,lunge,1.697564,10.91961,2.458018,1,1.4747952,9.222046,mn14_110a,4/20/2014 21:24,57.706912,-133.979554
201773,215565,735709.9,-36.46445,NA,NA,0,5.232839,1,NA,-68.51989,9.798675,108.5391,37.63771,2.103816,1,0.7006159,-0.3077811,-0.3991183,201773,40354.6,-1.342839,7.930713,358,lunge,1.725623,11.42737,2.961056,1.092783,1.868273,9.701747,mn14_110a,4/20/2014 21:25,57.706972,-133.979845
202419,216211,735709.9,-37.02554,NA,NA,0,5.251961,1,NA,-49.70929,10.19905,133.1796,44.17564,2.399876,1,1.064454,-0.3211517,-0.3305286,202419,40483.8,1.568428,9.765552,360,lunge,1.641127,10.69152,2.483884,1.092535,1.391349,9.050393,mn14_110a,4/20/2014 21:27,57.70698,-133.979917
202776,216568,735709.9,-40.2883,NA,NA,0,5.261254,1,NA,131.7366,10.57214,122.2481,26.84188,2.246333,1,0.7985049,-0.1988364,-0.3929153,202776,40555.2,-0.8641441,7.215481,362,lunge,2.008725,12.38041,2.416043,1,1.4638833,10.371685,mn14_110a,4/20/2014 21:28,57.70657,-133.979521
202914,216706,735709.9,-44.62908,NA,NA,0,5.265205,1,NA,131.5527,14.85776,-29.55968,16.60406,2.374705,1,-0.2757265,-0.2986359,-1.001495,202914,40582.8,0.792702,5.73435,363,lunge,11.96838,16.81652,3.27462,1.315262,1.959358,4.84814,mn14_110a,4/20/2014 21:29,57.706486,-133.978946
203391,217183,735709.9,-44.79772,NA,NA,0,5.255008,1,NA,98.03878,10.57367,140.2487,47.64829,1.666572,1,1.019897,-0.2724835,-0.2483908,203391,40678.2,0.8286364,5.139126,364,lunge,1.722814,11.08334,2.040129,1,1.5996669,9.360526,mn14_110a,4/20/2014 21:30,57.706283,-133.978055
203652,217444,735709.9,-39.3291,NA,NA,0,5.265297,1,NA,-43.96741,10.00603,133.3023,47.17757,2.066774,1,1.032179,-0.3268094,-0.3028665,203652,40730.4,1.218424,6.518485,365,lunge,1.575514,10.35634,2.668393,1.411021,1.257372,8.780826,mn14_110a,4/20/2014 21:31,57.706173,-133.9783
203991,217783,735709.9,-48.5682,NA,NA,0,5.272811,1,NA,113.624,11.23876,146.1727,27.51305,1.829682,1,1.037544,-0.1457455,-0.2798189,203991,40798.2,0.8281971,7.723699,366,lunge,1.676816,11.30719,2.790843,1,2.0335556,9.630374,mn14_110a,4/20/2014 21:32,57.705886,-133.977726
204319,218111,735709.9,-43.24459,NA,NA,0,5.280676,1,NA,-163.2133,8.745868,112.3044,36.124,1.775421,1,0.7326005,-0.2896498,-0.3968597,204319,40863.8,-1.156217,5.644579,367,lunge,1.706802,10.90443,2.14028,1,1.4048003,9.197628,mn14_110a,4/20/2014 21:33,57.705634,-133.976542
204614,218406,735709.9,-36.95488,NA,NA,0,5.285331,1,NA,-179.0155,9.657153,128.6807,75.23746,2.226928,1,0.9146107,-0.4248757,-0.1119599,204614,40922.8,0.1439214,6.30201,368,lunge,1.745251,10.79969,2.485055,1,1.875196,9.054439,mn14_110a,4/20/2014 21:34,57.705301,-133.975763
204921,218713,735709.9,-42.15965,NA,NA,0,5.29119,1,NA,160.383,8.676377,96.17222,34.79305,2.074357,1,0.6257015,-0.3205045,-0.461265,204921,40984.2,-1.560949,8.700899,369,lunge,1.748054,10.48151,2.380879,1,2.4966048,8.733456,mn14_110a,4/20/2014 21:35,57.705064,-133.974814
205447,219239,735709.9,-37.24333,NA,NA,0,5.306812,1,NA,155.1343,10.34092,121.0521,78.85556,2.479124,1,1.032004,-0.5722624,-0.1127345,205447,41089.4,1.81837,7.064674,372,lunge,1.602697,10.9326,2.481026,1,2.486921729,9.329903,mn14_110a,4/20/2014 21:37,57.704626,-133.974046
205759,219551,735709.9,-43.62626,NA,NA,0,5.31705,1,NA,143.6483,10.21103,113.0653,64.52931,2.153112,1,0.9206427,-0.5494526,-0.2617305,205759,41151.8,1.016195,5.331333,373,lunge,2.874978,10.72326,2.153112,1,1.4531624,7.848282,mn14_110a,4/20/2014 21:38,57.704428,-133.973024
205895,219687,735709.9,-42.06036,NA,NA,0,5.31473,1,NA,-177.768,5.6901,1.047407,-4.470651,2.95513,1,0.01101484,0.09393138,-1.201379,205895,41179,2.0113,6.739955,374,lunge,4.165081,6.902777,3.444767,1,2.7266533,2.737696,mn14_110a,4/20/2014 21:39,57.704171,-133.972915
206344,220136,735709.9,-38.58174,NA,NA,0,5.330101,1,NA,-167.11,10.02416,101.8326,89.81817,2.62691,1,0.8879378,-0.7211843,-0.00228874,206344,41268.8,1.411341,4.907598,375,lunge,1.725384,10.47523,2.62691,1,2.3114073,8.749846,mn14_110a,4/20/2014 21:40,57.704197,-133.972081
206683,220475,735709.9,-37.88173,NA,NA,0,5.333407,1,NA,177.86,4.889034,-43.25619,-2.348998,2.94518,1,-0.3529594,0.0364859,-0.88945,206683,41336.6,-0.4156228,5.181666,377,lunge,4.829072,5.870943,3.507938,1.210986,2.296952,1.041871,mn14_110a,4/20/2014 21:41,57.703591,-133.971719
207048,220840,735709.9,-38.41881,NA,NA,0,5.347466,1,NA,152.6108,6.057908,40.14961,77.26323,2.32589,1,0.3812417,-1.017543,-0.2299995,207048,41409.6,1.085528,3.422122,386,lunge,1.815984,6.259345,2.32589,1,1.8857355,4.443361,mn14_110a,4/20/2014 21:43,57.703798,-133.971363
207181,220973,735709.9,-45.72913,NA,NA,0,5.350785,1,NA,-158.0588,6.470736,19.82106,7.577985,1.675417,1,0.190843,-0.1440471,-1.082756,207181,41436.2,1.06738,3.466822,386,lunge,3.959045,6.484415,3.212428,1,2.6148519,2.52537,mn14_110a,4/20/2014 21:43,57.703453,-133.971124
207512,221304,735709.9,-40.26404,NA,NA,0,5.36055,1,NA,158.2941,7.397296,66.41772,79.64771,2.384572,1,0.6337195,-0.9523389,-0.1739674,207512,41502.4,1.540345,3.577554,386,lunge,1.772148,7.704046,2.384572,1,2.1725279,5.931898,mn14_110a,4/20/2014 21:44,57.703242,-133.970885
207759,221551,735709.9,-36.71383,NA,NA,0,5.372509,1,NA,-100.5293,6.664239,43.99265,79.66273,2.1729,1,0.4150691,-1.010844,-0.1843808,207759,41551.8,1.060975,3.866089,386,lunge,1.915973,6.889099,2.454269,1,1.902468,4.973126,mn14_110a,4/20/2014 21:45,57.702797,-133.970944
207962,221754,735709.9,-32.96775,NA,NA,0,5.380842,1,NA,-104.8807,5.778421,36.27642,74.26597,2.727618,1,0.339098,-0.996348,-0.2806994,207962,41592.4,0.8753486,3.808401,386,lunge,1.628351,6.110424,2.739788,1,2.5637105,4.482073,mn14_110a,4/20/2014 21:46,57.702503,-133.971424
208086,221878,735709.9,-38.08293,NA,NA,0,5.381029,1,NA,-172.4201,5.181206,-19.00119,19.10132,2.512336,1,-0.1829291,-0.3576965,-1.032889,208086,41617.2,1.061796,4.097837,386,lunge,3.174048,5.351358,3.092216,1,2.1749466,2.17731,mn14_110a,4/20/2014 21:46,57.702101,-133.971395
208412,222204,735709.9,-36.58555,NA,NA,0,5.393155,1,NA,123.4532,7.52896,49.39775,68.4621,2.719975,1,0.4434331,-0.8968213,-0.3539527,208412,41682.4,0.6004369,4.030568,386,lunge,1.816499,7.70548,2.730532,1,2.5897073,5.888981,mn14_110a,4/20/2014 21:47,57.701827,-133.970873
208534,222326,735709.9,-47.59667,NA,NA,0,5.397316,1,NA,-157.9138,6.196518,11.2219,5.988153,0.9754685,1,0.1097636,-0.1165554,-1.111161,208534,41706.8,1.202648,3.297292,386,lunge,4.049372,6.292047,3.048559,1,2.3603899,2.242675,mn14_110a,4/20/2014 21:47,57.701543,-133.970549
208779,222571,735709.9,-22.99805,NA,NA,0,5.417754,1,NA,162.4831,23.40666,18.53704,4.355463,3.604267,1,0.1783249,-0.08298626,-1.089574,208779,41755.8,1.051124,6.600689,386,lunge,11.38386,23.62898,3.624809,1.402719,2.22209,12.24512,mn14_110a,4/20/2014 21:48,57.701099,-133.970594
209009,222801,735709.9,-45.74817,NA,NA,0,5.335429,1,NA,158.1471,13.91987,112.8841,33.01591,1.483096,1,0.7442028,-0.2689816,-0.4139436,209009,41801.8,-1.048822,5.237345,386,lunge,3.792399,15.57168,1.858363,1.006363,0.852,11.779281,mn14_110a,4/20/2014 21:49,57.700929,-133.970256
209349,223141,735709.9,-28.36142,NA,NA,0,5.343001,1,NA,110.1174,7.609216,-11.92679,-0.9128068,3.4175,1,-0.1146047,0.01747823,-1.096994,209349,41869.8,1.011096,7.01838,388,lunge,5.658881,8.436308,3.63441,1,2.7299155,2.777427,mn14_110a,4/20/2014 21:50,57.700828,-133.968909
209821,223613,735709.9,-24.92591,NA,NA,0,5.410634,1,NA,73.49512,9.5968,26.67218,-9.934556,3.364968,1,0.2566438,0.1867794,-1.0664,209821,41964.2,1.104591,11.34488,391,lunge,6.601413,10.90492,3.56586,1.580139,1.985721,4.303507,mn14_110a,4/20/2014 21:52,57.700526,-133.969325
210493,224285,735709.9,-41.35315,NA,NA,0,5.231031,1,NA,-43.31712,18.58024,106.4721,67.8368,1.444147,1,0.8413586,-0.5821465,-0.2371336,210493,42098.6,0.4927193,8.269887,392,lunge,6.735946,20.11401,1.656302,1,0.969696,13.378064,mn14_110a,4/20/2014 21:54,57.700474,-133.970697
210981,224773,735709.9,-42.92521,NA,NA,0,5.102938,1,NA,-73.37381,18.44112,115.7995,78.25667,1.880207,1,0.8260938,-0.507366,-0.1054707,210981,42196.2,-0.2434046,5.511496,393,lunge,5.857519,19.69593,2.210788,1,1.6708714,13.838411,mn14_110a,4/20/2014 21:56,57.700525,-133.972245
211448,225240,735709.9,-42.60947,NA,NA,0,5.072899,1,NA,-90.9962,15.60114,96.86656,73.88831,1.983885,1,0.7256651,-0.6182463,-0.1785843,211448,42289.6,-0.2951566,5.387262,394,lunge,4.263861,17.08363,2.040713,1,1.5862367,12.819769,mn14_110a,4/20/2014 21:57,57.70014,-133.973839
211915,225707,735709.9,-48.04831,NA,NA,0,5.065742,1,NA,-67.72235,14.4116,105.379,24.77112,1.227686,1,0.7588889,-0.2423205,-0.5251245,211915,42383,-0.4497116,4.799651,395,lunge,4.88892,16.16015,1.85099,1,1.0700064,11.27123,mn14_110a,4/20/2014 21:59,57.699977,-133.975208
212065,225857,735709.9,-31.9398,NA,NA,0,5.069714,1,NA,-85.99368,2.531526,-66.87915,4.761409,2.612232,1,-0.5352704,-0.06728199,-0.8077642,212065,42413,-0.280943,5.871456,396,lunge,1.875075,12.43539,3.000143,1,2.98968945,10.560315,mn14_110a,4/20/2014 21:59,57.69993,-133.975834
212558,226350,735709.9,-40.75307,NA,NA,0,5.076675,1,NA,-154.0219,2.56804,46.87476,2.82312,2.965113,1,0.4543511,-0.05162022,-1.046795,212558,42511.6,1.395613,7.186575,398,lunge,1.821335,8.71063,3.391253,1,2.9488248,6.889295,mn14_110a,4/20/2014 22:01,57.69967,-133.977229
213144,226936,735709.9,-45.51079,NA,NA,0,5.071591,1,NA,-104.385,1.840366,20.15739,-0.02981864,0.9245207,1,0.1980439,0.000579873,-1.114212,213144,42628.8,1.291295,7.533191,401,lunge,1.692148,9.320344,3.228112,1,2.833126,7.628196,mn14_110a,4/20/2014 22:03,57.698755,-133.979206
214006,227798,735709.9,-37.09675,NA,NA,0,5.141704,1,NA,-121.2841,12.08813,106.4889,74.93544,2.43017,1,0.9156812,-0.6604064,-0.1777532,214006,42801.2,1.401304,9.36095,402,lunge,2.259127,12.65163,2.458542,1,1.7339852,10.392503,mn14_110a,4/20/2014 22:06,57.698448,-133.981136
214132,227924,735709.9,-24.87207,NA,NA,0,5.155611,1,NA,-76.52185,10.82923,7.740139,-0.8636205,3.558199,1,0.07503708,0.0167187,-1.109096,214132,42826.4,1.095967,10.68577,403,lunge,8.395232,11.70233,3.67433,1.705313,1.969017,3.307098,mn14_110a,4/20/2014 22:06,57.698161,-133.981304
214661,228453,735709.9,-47.4659,NA,NA,0,5.156632,1,NA,-138.5087,12.2993,130.0997,79.57811,1.371749,1,0.9189493,-0.4204867,-0.07733982,214661,42932.2,0.1327574,3.480335,404,lunge,4.401143,12.63883,2.219079,1,1.7706105,8.237687,mn14_110a,4/20/2014 22:08,57.697401,-133.98064
214813,228605,735709.9,-29.20904,NA,NA,0,5.163117,1,NA,-126.2728,7.580906,-59.27366,4.315506,3.185031,1,-0.4794506,-0.06341379,-0.8403346,214813,42962.6,-0.2984648,4.456588,405,lunge,6.577529,8.749535,3.600888,1,3.0945319,2.172006,mn14_110a,4/20/2014 22:08,57.697152,-133.980802
215287,229079,735709.9,-46.80103,NA,NA,0,5.177288,1,NA,-159.8646,12.7097,129.393,56.36647,2.0961,1,0.9800014,-0.3857571,-0.256622,215287,43057.4,0.8238041,7.600985,406,lunge,2.585058,12.7097,2.432156,1,1.9352452,10.124642,mn14_110a,4/20/2014 22:10,57.69665,-133.979832
215695,229487,735709.9,-34.54109,NA,NA,0,5.205097,1,NA,114.9724,7.381166,-3.015352,-0.635147,3.099652,1,-0.02733184,0.01151134,-1.038381,215695,43139,0.3805383,4.633967,408,lunge,6.255646,8.441697,3.529514,1,2.9317618,2.186051,mn14_110a,4/20/2014 22:11,57.696251,-133.978816
215869,229661,735709.9,-37.99496,NA,NA,0,5.228722,1,NA,-6.626641,11.77549,142.1748,14.44304,2.170019,1,1.105215,-0.09444708,-0.3667032,215869,43173.8,1.65032,6.092096,408,lunge,2.193278,12.13601,2.662396,1,2.3458153,9.942732,mn14_110a,4/20/2014 22:12,57.696503,-133.979431
216057,229849,735709.9,-46.05799,NA,NA,0,5.241875,1,NA,-163.1088,5.657375,-33.08073,0.6439104,1.516309,1,-0.3112786,-0.0117792,-1.048081,216057,43211.4,0.9158638,7.282603,409,lunge,4.16163,7.58147,3.712052,1,3.0733107,3.41984,mn14_110a,4/20/2014 22:13,57.696255,-133.979928
216500,230292,735709.9,-44.58618,NA,NA,0,5.278201,1,NA,50.26019,10.83971,137.6817,95.46314,1.68658,1,1.051099,-0.4049847,0.03873263,216500,43300,1.246285,5.845067,410,lunge,2.139724,11.12147,1.739546,1,1.2345872,8.981746,mn14_110a,4/20/2014 22:14,57.696582,-133.979395
216789,230581,735709.9,-39.90896,NA,NA,0,5.298586,1,NA,24.59253,9.802165,111.3443,72.77228,2.290988,1,0.8754421,-0.5709888,-0.1770533,216789,43357.8,0.5892078,4.896133,411,lunge,1.831877,10.82301,2.83062,1,2.0790862,8.991133,mn14_110a,4/20/2014 22:15,57.69681,-133.979804
216918,230710,735709.9,-35.37426,NA,NA,0,5.306473,1,NA,43.36407,6.400181,-9.30299,-2.902208,3.091409,1,-0.09589846,0.05967691,-1.177142,216918,43383.6,1.790187,5.500829,412,lunge,3.971101,8.34437,3.46071,1,2.4729754,4.373269,mn14_110a,4/20/2014 22:15,57.697214,-133.979687
217230,231022,735709.9,-32.61163,NA,NA,0,5.327416,1,NA,19.68703,10.47977,13.16841,3.529678,3.304584,1,0.1410283,-0.07522212,-1.219504,217230,43446,2.254882,7.495017,413,lunge,7.541947,10.72715,3.602911,1.518338,2.084573,3.185203,mn14_110a,4/20/2014 22:16,57.69738,-133.980776
217545,231337,735709.9,-30.42833,NA,NA,0,5.324695,1,NA,21.56116,10.19013,21.4259,15.90348,3.313984,1,0.2198744,-0.3184668,-1.117728,217545,43509,1.792931,10.79983,414,lunge,7.467603,10.5052,3.534323,1.930411,1.603912,3.037597,mn14_110a,4/20/2014 22:18,57.697571,-133.981945
218168,231960,735709.9,-36.13788,NA,NA,0,5.356388,1,NA,3.454597,11.42161,126.45,79.41924,2.350603,1,1.003283,-0.4976383,-0.09295753,218168,43633.6,1.213782,6.37189,415,lunge,1.859309,11.59124,2.350603,1,1.643984,9.731931,mn14_110a,4/20/2014 22:20,57.697529,-133.982705
218289,232081,735709.9,-29.58344,NA,NA,0,5.368698,1,NA,28.3286,10.77728,19.74694,11.89493,3.412088,1,0.2100352,-0.2487317,-1.180834,218289,43657.8,2.205404,10.02952,416,lunge,7.544623,11.25036,3.547213,1.478836,2.068377,3.705737,mn14_110a,4/20/2014 22:20,57.697748,-133.982957
218608,232400,735709.9,-25.68506,NA,NA,0,5.366082,1,NA,24.70523,11.05081,-39.94978,20.67861,3.594863,1,-0.317673,-0.3086287,-0.8176849,218608,43721.6,-0.6871175,5.32228,417,lunge,8.244381,11.52983,3.624819,1.514742,2.110077,3.285449,mn14_110a,4/20/2014 22:21,57.698094,-133.98393
219190,232982,735709.9,-39.22048,NA,NA,0,5.350283,1,NA,-48.93799,12.02551,120.2284,46.76224,2.257736,1,1.054098,-0.4413248,-0.4149793,219190,43838,2.115982,6.723075,419,lunge,1.786643,12.30999,2.563703,1,2.0438685,10.523347,mn14_110a,4/20/2014 22:23,57.697858,-133.986323
219701,233493,735709.9,-34.34388,NA,NA,0,5.186693,1,NA,-69.86887,15.26783,142.4063,42.70088,2.283074,1,0.8718458,-0.2012453,-0.2180807,219701,43940.2,-0.7750826,10.13154,420,lunge,3.001029,17.86252,2.302142,1.007972,1.29417,14.861491,mn14_110a,4/20/2014 22:25,57.697512,-133.987219
220149,233941,735709.9,-41.69815,NA,NA,0,5.113198,1,NA,-63.73432,14.31307,123.3275,64.93989,2.080593,1,1.056028,-0.5158668,-0.2412119,220149,44029.8,1.959277,7.776324,421,lunge,4.317391,14.5579,2.09516,1,1.5622289,10.240509,mn14_110a,4/20/2014 22:26,57.697266,-133.988275
220349,234141,735709.9,-31.51311,NA,NA,0,5.151497,1,NA,-163.5299,13.5435,26.43871,2.053441,3.273266,1,0.2819347,-0.04300552,-1.199441,220349,44069.8,2.283778,8.925931,423,lunge,7.447925,13.66361,3.465948,1.863337,1.602611,6.215685,mn14_110a,4/20/2014 22:27,57.696765,-133.988327
220849,234641,735709.9,-39.05242,NA,NA,0,5.222959,1,NA,-135.1345,13.25868,143.1256,59.53182,2.338784,1,1.151318,-0.3308208,-0.194621,220849,44169.8,2.094811,7.94312,424,lunge,2.751827,13.4195,2.35069,1.206266,1.144424,10.667673,mn14_110a,4/20/2014 22:29,57.696099,-133.987671
220981,234773,735709.9,-32.7689,NA,NA,0,5.235529,1,NA,99.245,10.72993,11.30765,-1.600268,3.373376,1,0.1157091,0.03263987,-1.168329,220981,44196.2,1.711248,8.557644,425,lunge,8.387172,11.91075,3.476292,1.59596,1.880332,3.523578,mn14_110a,4/20/2014 22:29,57.695915,-133.987206
221557,235349,735709.9,-42.12399,NA,NA,0,5.257071,1,NA,-164.1954,11.79164,84.66405,64.42216,2.064604,1,0.6136024,-0.607572,-0.2908109,221557,44311.4,-0.8711684,5.766304,426,lunge,2.955424,13.00263,2.227307,1,1.7722821,10.047206,mn14_110a,4/20/2014 22:31,57.695306,-133.986437
221717,235509,735709.9,-30.71493,NA,NA,0,5.264807,1,NA,-61.33185,9.771911,10.64926,15.38613,3.357982,1,0.109168,-0.3107777,-1.129339,221717,44343.4,1.729855,8.037003,427,lunge,7.470315,10.68054,3.684287,1.006918,2.677369,3.210225,mn14_110a,4/20/2014 22:31,57.694975,-133.986731
222227,236019,735709.9,-42.91699,NA,NA,0,5.261603,1,NA,-150.1172,11.00378,103.8276,58.26208,1.810438,1,0.7124611,-0.4748675,-0.2937185,222227,44445.4,-0.92976,4.881306,428,lunge,2.038013,12.53672,2.343141,1,1.4005015,10.498707,mn14_110a,4/20/2014 22:33,57.694059,-133.986336
222437,236229,735709.9,-47.23089,NA,NA,0,5.286122,1,NA,-56.19509,4.205921,-45.32235,73.75452,1.469165,1,-0.4066883,-0.9351802,-0.2725001,222437,44487.4,0.5448893,3.156039,442,lunge,4.116719,5.436398,2.475654,1,1.9864047,1.319679,mn14_110a,4/20/2014 22:34,57.693854,-133.985977
223029,236821,735709.9,-46.62326,NA,NA,0,5.407737,1,NA,178.7368,6.035391,-30.33984,14.34191,1.772408,1,-0.2917213,-0.2665199,-1.042413,223029,44605.8,1.125713,4.226839,442,lunge,4.359123,6.382875,2.746672,1.084831,1.661841,2.023752,mn14_110a,4/20/2014 22:36,57.69338,-133.984
223253,237045,735709.9,-45.79341,NA,NA,0,5.44974,1,NA,-114.3628,6.220487,-1.118964,9.402011,1.348528,1,-0.01064344,-0.1780542,-1.075304,223253,44650.6,0.8825756,3.192742,442,lunge,3.622191,6.334686,2.80713,1,2.012134,2.712495,mn14_110a,4/20/2014 22:37,57.692852,-133.983847
223527,237319,735709.9,-46.7339,NA,NA,0,5.478818,1,NA,-20.42796,4.604911,23.73613,37.00557,1.343891,1,0.212812,-0.609514,-0.8086888,223527,44705.4,0.3410952,3.236201,442,lunge,4.086851,6.009844,2.335182,1,2.0298469,1.922993,mn14_110a,4/20/2014 22:37,57.692272,-133.983836
223813,237605,735709.9,-44.89609,NA,NA,0,5.504821,1,NA,-177.5294,6.524137,37.31319,88.30944,2.282052,1,0.3565278,-1.05549,-0.03115218,223813,44762.6,1.123,3.988699,442,lunge,2.672094,6.524137,2.535026,1,2.50066676,3.852043,mn14_110a,4/20/2014 22:38,57.69213,-133.982904
223926,237718,735709.9,-46.06215,NA,NA,0,5.504644,1,NA,100.4382,5.279983,0.3891159,1.125941,1.949073,1,0.003673577,-0.02125818,-1.081626,223926,44785.2,0.8025905,3.828044,442,lunge,3.683756,6.118281,2.897025,1.010861,1.886164,2.434525,mn14_110a,4/20/2014 22:39,57.691905,-133.982513
224290,238082,735709.9,-32.91869,NA,NA,0,5.557891,1,NA,126.5596,7.999602,56.10933,89.17744,2.742832,1,0.518336,-0.9725083,-0.01396272,224290,44858,1.001326,3.731707,442,lunge,2.38143,8.089483,2.786643,1.312758,1.473885,5.708053,mn14_110a,4/20/2014 22:40,57.691915,-133.981667
224506,238298,735709.9,-48.4454,NA,NA,0,5.587013,1,NA,105.3573,6.043956,25.07254,74.86372,0.4156061,1,0.2124128,-0.9221293,-0.2494361,224506,44901.2,-0.2098523,3.281493,442,lunge,3.5289,6.223298,2.373559,1,2.0526418,2.694398,mn14_110a,4/20/2014 22:41,57.691898,-133.981106
224751,238543,735709.9,-39.2887,NA,NA,0,5.623287,1,NA,120.5691,8.749277,49.57324,82.78983,2.524934,1,0.4821798,-1.035916,-0.1310534,224751,44950.2,1.472253,5.447413,442,lunge,2.669138,8.945107,2.550451,1,2.0723343,6.275969,mn14_110a,4/20/2014 22:42,57.69189,-133.980104
224993,238785,735709.9,-43.31003,NA,NA,0,5.628613,1,NA,167.3222,8.512472,60.34221,80.63656,2.002763,1,0.5484853,-0.9309155,-0.1535018,224993,44998.6,0.8956477,3.520095,442,lunge,1.911016,8.948294,2.457687,1,1.7410829,7.037278,mn14_110a,4/20/2014 22:42,57.691831,-133.979446
225113,238905,735709.9,-33.55984,NA,NA,0,5.617935,1,NA,81.52685,9.187375,-6.108666,0.9472075,3.256505,1,-0.06054065,-0.01875618,-1.134442,225113,45022.6,1.335775,8.319044,442,lunge,7.181562,9.947477,3.506998,1,2.9514681,2.765915,mn14_110a,4/20/2014 22:43,57.691792,-133.978947
225288,239080,735709.9,-43.58756,NA,NA,0,5.587995,1,NA,-6.456503,10.11904,94.20139,36.64084,1.69072,1,0.7771156,-0.4309607,-0.5794258,225288,45057.6,0.5965831,6.0765,442,lunge,1.775496,11.83332,2.436717,1,2.3838041,10.057824,mn14_110a,4/20/2014 22:43,57.691882,-133.979663
225550,239342,735709.9,-37.51963,NA,NA,0,5.552698,1,NA,31.92435,9.445665,58.08606,111.3312,2.409717,1,0.5231454,-0.8775689,0.3427011,225550,45110,0.7611353,6.7313,443,lunge,1.814667,10.13848,2.506234,1,2.216744,8.323813,mn14_110a,4/20/2014 22:44,57.692199,-133.980291
225671,239463,735709.9,-26.52521,NA,NA,0,5.546393,1,NA,43.95221,10.93495,17.92786,4.552472,3.367994,1,0.1912451,-0.0962317,-1.208588,225671,45134.2,2.23007,13.65701,444,lunge,8.209593,11.6195,3.616968,2.030826,1.586142,3.409907,mn14_110a,4/20/2014 22:45,57.692494,-133.980204
225983,239775,735709.9,-42.44295,NA,NA,0,5.542845,1,NA,15.01554,10.82931,23.10625,4.844869,2.598112,1,0.2387769,-0.09865403,-1.163908,225983,45196.6,1.885198,5.93404,445,lunge,8.906492,10.92027,3.514585,1.590188,1.924397,2.013778,mn14_110a,4/20/2014 22:46,57.692852,-133.980828
226363,240155,735709.9,-43.87654,NA,NA,0,5.538979,1,NA,59.44348,8.152775,-68.56988,-8.66698,1.910146,1,-0.5592407,0.1236088,-0.8109123,226363,45272.6,-0.07082416,6.112342,446,lunge,6.089485,10.55844,3.607304,1.096597,2.510707,4.468955,mn14_110a,4/20/2014 22:47,57.692688,-133.981067
226658,240450,735710,-32.56228,NA,NA,0,5.537386,1,NA,42.43891,12.39245,21.46675,19.79359,3.065895,1,0.2103988,-0.3758684,-1.044382,226658,45331.6,1.272163,5.998377,447,lunge,9.09568,12.39245,3.463406,1.045959,2.417447,3.29677,mn14_110a,4/20/2014 22:48,57.693113,-133.981423
227230,241022,735710,-34.86511,NA,NA,0,5.519904,1,NA,64.51758,9.36485,7.876297,6.597295,3.068901,1,0.07753459,-0.1293971,-1.118809,227230,45446,1.264398,6.65926,449,lunge,7.153691,9.685444,3.45551,1.464622,1.990888,2.531753,mn14_110a,4/20/2014 22:50,57.693061,-133.981073
227962,241754,735710,-43.86492,NA,NA,0,5.474036,1,NA,-120.9639,12.31975,132.5566,48.40073,1.893497,1,1.017598,-0.3343848,-0.2968731,227962,45592.4,1.093533,7.151001,451,lunge,1.698301,14.02311,2.092736,1,2.1276282,12.324809,mn14_110a,4/20/2014 22:52,57.692983,-133.980768
228319,242111,735710,-40.76211,NA,NA,0,5.397812,1,NA,-131.3026,12.22044,72.59605,59.83774,2.092675,1,0.5225783,-0.6151287,-0.3574712,228319,45663.8,-1.149776,10.53067,452,lunge,1.638962,12.88888,2.35374,1,2.2291387,11.249918,mn14_110a,4/20/2014 22:53,57.692362,-133.981199
228704,242496,735710,-42.81459,NA,NA,0,5.355729,1,NA,-103.3661,14.6096,144.3799,64.00295,1.848538,1,1.195313,-0.345149,-0.1683184,228704,45740.8,2.505406,11.17639,453,lunge,3.567399,14.7793,2.157776,1,1.4924982,11.211901,mn14_110a,4/20/2014 22:55,57.691897,-133.981391
229337,243129,735710,-42.94108,NA,NA,0,5.342474,1,NA,-135.7507,12.36676,125.9728,29.36444,2.286072,1,0.7026589,-0.175664,-0.3122063,229337,45867.4,-2.072068,12.34239,455,lunge,1.67721,14.71397,2.337107,1,2.4698778,13.03676,mn14_110a,4/20/2014 22:57,57.691737,-133.979767
229722,243514,735710,-38.06201,NA,NA,0,5.288754,1,NA,-116.7292,12.62177,82.12669,63.8474,1.99981,1,0.589038,-0.6068827,-0.298,229722,45944.4,-1.012997,8.391744,456,lunge,3.019264,13.72617,2.368703,1,1.8341429,10.706906,mn14_110a,4/20/2014 22:58,57.69125,-133.980476
230090,243882,735710,-27.97976,NA,NA,0,5.381451,1,NA,79.68883,10.5118,4.515715,-4.213677,3.508644,1,0.04409143,0.08216796,-1.11527,230090,46018,1.168576,4.995136,458,lunge,7.470218,11.0375,3.585036,2.122668,1.462368,3.567282,mn14_110a,4/20/2014 22:59,57.690715,-133.980304
230694,244486,735710,-43.22943,NA,NA,0,5.451501,1,NA,37.83391,11.85191,93.59893,49.63007,1.819632,1,0.671686,-0.4805676,-0.4085604,230694,46138.8,-0.7705318,7.049896,460,lunge,2.577801,13.8047,2.253492,1,1.907244,11.226899,mn14_110a,4/20/2014 23:01,57.69168,-133.979044
230817,244609,735710,-35.97777,NA,NA,0,5.436722,1,NA,49.77002,10.17905,4.988457,2.447929,2.998149,1,0.05131502,-0.05031536,-1.176955,230817,46163.4,1.756836,7.930049,461,lunge,7.998712,11.03964,3.373261,1.608456,1.764805,3.040928,mn14_110a,4/20/2014 23:02,57.691919,-133.978738
231406,245198,735710,-29.11482,NA,NA,0,5.308849,1,NA,-27.10029,14.70907,140.9823,72.25981,3.015228,1,1.251114,-0.4221823,-0.1350619,231406,46281.2,3.20987,10.73429,462,lunge,1.787823,16.6903,3.019416,1,2.5994283,14.902477,mn14_110a,4/20/2014 23:04,57.69229,-133.978926
231747,245539,735710,-37.3002,NA,NA,0,5.347433,1,NA,155.4523,9.991187,87.13007,76.76159,2.214961,1,0.7487904,-0.7663476,-0.1802873,231747,46349.4,0.8482618,5.556113,466,lunge,1.965397,10.37649,2.246852,1,1.412506,8.411093,mn14_110a,4/20/2014 23:05,57.69157,-133.978535
232140,245932,735710,-29.73488,NA,NA,0,5.410771,1,NA,42.96037,10.04314,2.326568,7.497101,3.23191,1,0.02335678,-0.1500794,-1.140412,232140,46428,1.475723,6.650673,468,lunge,7.300013,10.74626,3.405463,1.656061,1.749402,3.446247,mn14_110a,4/20/2014 23:06,57.691845,-133.978096
232469,246261,735710,-30.015,NA,NA,0,5.416148,1,NA,25.0888,6.722365,-27.72177,6.195012,3.332254,1,-0.2592479,-0.1133783,-1.044512,232469,46493.8,0.8057112,6.78306,469,lunge,4.560698,8.715996,3.557463,1.359114,2.198349,4.155298,mn14_110a,4/20/2014 23:07,57.692403,-133.979001
232964,246756,735710,-35.90971,NA,NA,0,5.428256,1,NA,-6.746185,12.72511,115.122,87.91227,2.346265,1,0.9971991,-0.633373,-0.0230889,232964,46592.8,1.780563,5.956371,470,lunge,2.861186,12.92368,2.4125,1,1.9879,10.062494,mn14_110a,4/20/2014 23:09,57.692477,-133.980486
233366,247158,735710,-39.73715,NA,NA,0,5.422745,1,NA,35.85313,1.834264,11.08718,-2.751938,2.194362,1,0.1024093,0.05065961,-1.05393,233366,46673.2,0.5894269,3.548491,471,lunge,1.796585,6.720689,2.8671,1,2.766,4.924104,mn14_110a,4/20/2014 23:10,57.692926,-133.981232
233623,247415,735710,-35.35437,NA,NA,0,5.456439,1,NA,34.75798,9.022294,0.7040842,2.209725,3.292429,1,0.007322935,-0.0459532,-1.190926,233623,46724.6,1.881254,8.748163,473,lunge,7.002268,10.56588,3.517609,1,2.613599,3.563612,mn14_110a,4/20/2014 23:11,57.693469,-133.981176
234148,247940,735710,-44.75657,NA,NA,0,5.430854,1,NA,-69.34082,11.01475,114.0691,28.30314,1.72637,1,1.001721,-0.308031,-0.5720007,234148,46829.6,1.901988,7.508175,474,lunge,1.789725,12.25164,1.885562,1,1.734898,10.461915,mn14_110a,4/20/2014 23:13,57.693658,-133.98297
234467,248259,735710,-33.0821,NA,NA,0,5.416713,1,NA,-21.0292,10.73748,77.71076,-0.6828131,1.743904,1,0.5890917,0.008714154,-0.7311819,234467,46893.4,-0.5981482,12.80879,475,lunge,2.372528,12.32363,2.301252,1.205056,1.096196,9.951102,mn14_110a,4/20/2014 23:14,57.693886,-133.984315
234605,248397,735710,-34.60527,NA,NA,0,5.425544,1,NA,14.51169,7.583465,-6.574794,-4.496282,2.935512,1,-0.06723457,0.09176377,-1.166937,234605,46921,1.691345,6.701626,476,lunge,5.374509,9.898119,3.464039,1.44368,2.020359,4.52361,mn14_110a,4/20/2014 23:14,57.694133,-133.984661
