"","X.4","X.3","X.1","X","ans","p","tempr","pitch","roll","head","flownoise","speedSP","speedFN","Aw1","Aw2","Aw3","r","sec","MSA","jerk","dive","event","min.p","max.p","max.speed","min.speed","delta.speed","delta.p","tag","DateTime","LAT","LON","pnorm","Am1","Am2","Am3","DN","JigRMS","Light","LightIR","Paddles","T","camon","tagon","Aw.1","Aw.2","Aw.3","At.1","At.2","At.3","DV.1","DV.2","DV.3","DV.4","DV.5","DV.6","Gt.1","Gt.2","Gt.3","Gw.1","Gw.2","Gw.3","Mt.1","Mt.2","Mt.3","Mw.1","Mw.2","Mw.3","Temp","roll2","n2","head2","speedJJ","speedFNexp","rollrate","TspeedFN","TspeedJJ","X.2","ï..Date","Time","T1","Tsec","Tmin","Pressure","Depth..m.","Vv","Magneto1","Magneto2","Magneto3","Gyro1","Gyro2","Gyro3","Accel1","Pitch","Accel2","Accel3","Speed","Vk","Speed2_paddle.wheel.VVSP","dive1","Date","quality","Densitym3","prey.dist","prey.time","Sv_mean","sa_adj","mass_g","kJ_g","Length_cm","Beam_volume_sum","TS","Prey.Depth_mean","weight"
"759",940,940,11267,39.930702,NA,33.930702,NA,NA,NA,NA,NA,NA,3.6479,NA,NA,NA,NA,4481.65,84054.10591,31349.89475,1,"lunge",30.256302,35.79693,4.3304,1.6004,2.73,5.540628,"mn14_114a","2014-04-24 15:38:04",57.61747,-133.92529,NA,NA,NA,NA,NA,NA,0,NA,NA,NA,NA,NA,NA,NA,NA,NA,NA,NA,NA,NA,NA,NA,NA,NA,NA,NA,NA,NA,NA,NA,NA,NA,NA,NA,NA,NA,6.4375,NA,NA,NA,NA,NA,NA,NA,NA,11267,"24.04.2014","15:38:04:0025",179266,4481.65,74.69416667,33583234,33.930702,0,354,-242,93,32767,32767,32767,4576,27.23234799,6464,3280,13,0,3.6479,1,24042014,4.3192594443525,NA,642.777833305749,1.08833333333333,-62.6,NA,NA,2.94,1,NA,-85,940,0.231521169979154
"760",941,941,12365,46.388262,NA,40.388262,NA,NA,NA,NA,NA,NA,4.7854,NA,NA,NA,NA,4509.1,86710.6161,65080.78497,1,"lunge",32.148966,41.37207,4.7854,1.1454,3.64,9.223104,"mn14_114a","2014-04-24 15:38:31",57.61747,-133.92529,NA,NA,NA,NA,NA,NA,0,NA,NA,NA,NA,NA,NA,NA,NA,NA,NA,NA,NA,NA,NA,NA,NA,NA,NA,NA,NA,NA,NA,NA,NA,NA,NA,NA,NA,NA,6.0625,NA,NA,NA,NA,NA,NA,NA,NA,12365,"24.04.2014","15:38:31:0625",180364,4509.1,75.15166667,35735754,40.388262,0,380,-282,33,32767,32767,32767,5936,36.4128935,3840,5312,18,0,4.7854,1,24042014,4.3042594443525,NA,642.777833305749,1.08083333333333,-62.6,NA,NA,2.94,1,NA,-85,941,0.232328002744368
"761",942,942,14109,48.061578,NA,42.061578,NA,NA,NA,NA,NA,NA,4.1029,NA,NA,NA,NA,4552.7,91216.92908,34934.47431,1,"lunge",34.471614,43.417434,4.1029,1,3.185,8.94582,"mn14_114a","2014-04-24 15:39:15",57.61747,-133.92529,NA,NA,NA,NA,NA,NA,0,NA,NA,NA,NA,NA,NA,NA,NA,NA,NA,NA,NA,NA,NA,NA,NA,NA,NA,NA,NA,NA,NA,NA,NA,NA,NA,NA,NA,NA,5.625,NA,NA,NA,NA,NA,NA,NA,NA,14109,"24.04.2014","15:39:15:0225",182108,4552.7,75.87833333,36293526,42.061578,0,334,-220,133,32767,32767,32767,4288,25.39142921,6784,4704,15,0,4.1029,1,24042014,4.27981499990805,NA,642.777833305749,1.06861111111111,-62.6,NA,NA,2.94,1,NA,-85,942,0.233654959389946
"762",943,943,15327,43.401306,NA,37.401306,NA,NA,NA,NA,NA,NA,3.4204,NA,NA,NA,NA,4583.15,89040.89977,38906.85074,1,"lunge",34.671822,42.945126,3.8754,1,2.9575,8.273304,"mn14_114a","2014-04-24 15:39:45",57.61747,-133.92529,NA,NA,NA,NA,NA,NA,0,NA,NA,NA,NA,NA,NA,NA,NA,NA,NA,NA,NA,NA,NA,NA,NA,NA,NA,NA,NA,NA,NA,NA,NA,NA,NA,NA,NA,NA,5.375,NA,NA,NA,NA,NA,NA,NA,NA,15327,"24.04.2014","15:39:45:0850",183326,4583.15,76.38583333,34740102,37.401306,0,47,-8,152,32767,32767,32767,-7152,-45.65959228,4768,-2928,12,0,3.4204,1,24042014,4.26314833324139,NA,642.777833305749,1.06027777777778,-62.6,NA,NA,2.94,1,NA,-85,943,0.23456842732931
"763",944,944,16487,45.63339,NA,39.63339,NA,NA,NA,NA,NA,NA,3.8754,NA,NA,NA,NA,4612.15,82658.42644,35660.09455,1,"lunge",27.350598,41.789214,4.7854,1.1454,3.64,14.438616,"mn14_114a","2014-04-24 15:40:14",57.61747,-133.92529,NA,NA,NA,NA,NA,NA,0,NA,NA,NA,NA,NA,NA,NA,NA,NA,NA,NA,NA,NA,NA,NA,NA,NA,NA,NA,NA,NA,NA,NA,NA,NA,NA,NA,NA,NA,5.1875,NA,NA,NA,NA,NA,NA,NA,NA,16487,"24.04.2014","15:40:14:0850",184486,4612.15,76.86916667,35484130,39.63339,0,429,-164,-63,32767,32767,32767,8000,53.13010235,-768,2544,14,0,3.8754,1,24042014,4.24703722213028,NA,642.777833305749,1.05222222222222,-62.6,NA,NA,2.94,1,NA,-85,944,0.235458261300194
"764",945,945,18041,37.421022,NA,31.421022,NA,NA,NA,NA,NA,NA,3.8754,NA,NA,NA,NA,4651,74780.74443,34218.81992,1,"lunge",28.63791,40.713558,3.8754,1.1454,2.73,12.075648,"mn14_114a","2014-04-24 15:40:53",57.61747,-133.92529,NA,NA,NA,NA,NA,NA,0,NA,NA,NA,NA,NA,NA,NA,NA,NA,NA,NA,NA,NA,NA,NA,NA,NA,NA,NA,NA,NA,NA,NA,NA,NA,NA,NA,NA,NA,5.0625,NA,NA,NA,NA,NA,NA,NA,NA,18041,"24.04.2014","15:40:53:0850",186040,4651,77.51666667,32746674,31.421022,0,-34,-77,143,32767,32767,32767,-5552,-33.72449139,4288,-2992,14,0,3.8754,1,24042014,4.22537055546361,NA,642.777833305749,1.04138888888889,-62.6,NA,NA,2.94,1,NA,-85,945,0.236665633670153
"765",946,946,20207,48.669786,NA,42.669786,NA,NA,NA,NA,NA,NA,3.6479,NA,NA,NA,NA,4705.15,97702.07133,167279.407,1,"lunge",31.519926,45.015066,3.8754,1,3.185,13.49514,"mn14_114a","2014-04-24 15:41:48",57.61747,-133.92529,NA,NA,NA,NA,NA,NA,0,NA,NA,NA,NA,NA,NA,NA,NA,NA,NA,NA,NA,NA,NA,NA,NA,NA,NA,NA,NA,NA,NA,NA,NA,NA,NA,NA,NA,NA,4.875,NA,NA,NA,NA,NA,NA,NA,NA,20207,"24.04.2014","15:41:48:0150",188206,4705.15,78.41916667,36496262,42.669786,0,407,-178,47,32767,32767,32767,8160,54.68635995,4416,3632,13,0,3.6479,1,24042014,4.19481499990805,NA,642.777833305749,1.02611111111111,-62.6,NA,NA,2.94,1,NA,-85,946,0.238389535658168
"766",947,947,28911,56.458074,NA,50.458074,NA,NA,NA,NA,NA,NA,3.8754,NA,NA,NA,NA,4922.75,68447.97197,31701.7162,2,"lunge",40.58025,51.570702,4.5579,1,3.8675,10.990452,"mn14_114a","2014-04-24 15:45:26",57.61747,-133.92529,NA,NA,NA,NA,NA,NA,0,NA,NA,NA,NA,NA,NA,NA,NA,NA,NA,NA,NA,NA,NA,NA,NA,NA,NA,NA,NA,NA,NA,NA,NA,NA,NA,NA,NA,NA,4.9375,NA,NA,NA,NA,NA,NA,NA,NA,28911,"24.04.2014","15:45:26:0250",196910,4922.75,82.04583333,39092358,50.458074,0,297,-245,153,32767,32767,32767,4272,25.2899959,3536,4240,14,0,3.8754,2,24042014,4.07370388879694,NA,642.777833305749,0.965555555555556,-62.6,NA,NA,2.94,1,NA,-85,947,0.245476850379354
"767",948,948,31519,48.761094,NA,42.761094,NA,NA,NA,NA,NA,NA,4.1029,NA,NA,NA,NA,4987.95,72398.20442,58477.86973,2,"lunge",34.723398,45.517182,4.5579,1.3729,3.185,10.793784,"mn14_114a","2014-04-24 15:46:31",57.61747,-133.92529,NA,NA,NA,NA,NA,NA,0,NA,NA,NA,NA,NA,NA,NA,NA,NA,NA,NA,NA,NA,NA,NA,NA,NA,NA,NA,NA,NA,NA,NA,NA,NA,NA,NA,NA,NA,4.625,NA,NA,NA,NA,NA,NA,NA,NA,31519,"24.04.2014","15:46:31:0625",199518,4987.95,83.1325,36526698,42.761094,0,403,-232,29,32767,32767,32767,5712,34.83394786,2848,3712,15,0,4.1029,2,24042014,4.03759277768583,NA,642.777833305749,0.9475,-62.6,NA,NA,2.94,1,NA,-85,948,0.247672327315078
"768",949,949,32549,42.826914,NA,36.826914,NA,NA,NA,NA,NA,NA,1.8279,NA,NA,NA,NA,5013.7,87014.70383,36382.66803,2,"lunge",35.753814,37.26957,3.4204,1.6004,1.82,1.515756,"mn14_114a","2014-04-24 15:46:57",57.61747,-133.92529,NA,NA,NA,NA,NA,NA,0,NA,NA,NA,NA,NA,NA,NA,NA,NA,NA,NA,NA,NA,NA,NA,NA,NA,NA,NA,NA,NA,NA,NA,NA,NA,NA,NA,NA,NA,4.5625,NA,NA,NA,NA,NA,NA,NA,NA,32549,"24.04.2014","15:46:57:0525",200548,5013.7,83.56166667,34548638,36.826914,0,254,-359,64,32767,32767,32767,2096,12.09891226,4304,7472,5,0,1.8279,2,24042014,4.02314833324139,NA,642.777833305749,0.940277777777778,-62.6,NA,NA,2.94,1,NA,-85,949,0.248561553581674
"769",950,950,33127,45.064314,NA,39.064314,NA,NA,NA,NA,NA,NA,3.1929,NA,NA,NA,NA,5028.15,74682.58412,29757.24005,2,"lunge",37.065798,46.495926,3.6479,1.1454,2.5025,9.430128,"mn14_114a","2014-04-24 15:47:11",57.61747,-133.92529,NA,NA,NA,NA,NA,NA,0,NA,NA,NA,NA,NA,NA,NA,NA,NA,NA,NA,NA,NA,NA,NA,NA,NA,NA,NA,NA,NA,NA,NA,NA,NA,NA,NA,NA,NA,4.5625,NA,NA,NA,NA,NA,NA,NA,NA,33127,"24.04.2014","15:47:11:0975",201126,5028.15,83.8025,35294438,39.064314,0,15,16,122,32767,32767,32767,-5136,-30.90392287,2768,-4896,11,0,3.1929,2,24042014,4.01537055546361,NA,642.777833305749,0.936388888888889,-62.6,NA,NA,2.94,1,NA,-85,950,0.249043017621207
"770",951,951,34534,56.637498,NA,50.637498,NA,NA,NA,NA,NA,NA,4.1029,NA,NA,NA,NA,5063.325,85909.7368,34856.49103,2,"lunge",45.014382,52.05795,4.1029,1.1454,2.9575,7.043568,"mn14_114a","2014-04-24 15:47:47",57.61747,-133.92529,NA,NA,NA,NA,NA,NA,0,NA,NA,NA,NA,NA,NA,NA,NA,NA,NA,NA,NA,NA,NA,NA,NA,NA,NA,NA,NA,NA,NA,NA,NA,NA,NA,NA,NA,NA,4.5,NA,NA,NA,NA,NA,NA,NA,NA,34534,"24.04.2014","15:47:47:0150",202533,5063.325,84.38875,39152166,50.637498,0.9408,327,-229,139,32767,32767,32767,3248,18.95345849,7104,3968,15,2.896551724,4.1029,2,24042014,3.99537055546361,NA,642.777833305749,0.926388888888889,-62.6,NA,NA,2.94,1,NA,-85,951,0.250289675542739
"771",952,952,35814,59.72979,NA,53.72979,NA,NA,NA,NA,NA,NA,3.8754,NA,NA,NA,NA,5095.325,85266.18736,37441.02796,2,"lunge",53.369982,55.015686,3.8754,1,2.9575,1.645704,"mn14_114a","2014-04-24 15:48:19",57.61747,-133.92529,NA,NA,NA,NA,NA,NA,0,NA,NA,NA,NA,NA,NA,NA,NA,NA,NA,NA,NA,NA,NA,NA,NA,NA,NA,NA,NA,NA,NA,NA,NA,NA,NA,NA,NA,NA,4.5,NA,NA,NA,NA,NA,NA,NA,NA,35814,"24.04.2014","15:48:19:0300",203813,5095.325,84.92208333,40182930,53.72979,0,209,-294,165,32767,32767,32767,976,5.600984471,7408,4448,14,0,3.8754,2,24042014,3.97759277768583,NA,642.777833305749,0.9175,-62.6,NA,NA,2.94,1,NA,-85,952,0.251408340645118
"772",953,953,37273,56.345142,NA,50.345142,NA,NA,NA,NA,NA,NA,3.1929,NA,NA,NA,NA,5131.8,75799.53309,29637.4244,2,"lunge",42.437514,53.480382,3.6479,1.1454,2.5025,11.042868,"mn14_114a","2014-04-24 15:48:55",57.61747,-133.92529,NA,NA,NA,NA,NA,NA,0,NA,NA,NA,NA,NA,NA,NA,NA,NA,NA,NA,NA,NA,NA,NA,NA,NA,NA,NA,NA,NA,NA,NA,NA,NA,NA,NA,NA,NA,4.5,NA,NA,NA,NA,NA,NA,NA,NA,37273,"24.04.2014","15:48:55:0775",205272,5131.8,85.53,39054714,50.345142,0,396,-210,38,32767,32767,32767,5632,34.27738924,3696,3792,11,0,3.1929,2,24042014,3.95759277768583,NA,642.777833305749,0.9075,-62.6,NA,NA,2.94,1,NA,-85,953,0.252678852063385
"773",954,954,40142,58.611702,NA,52.611702,NA,NA,NA,NA,NA,NA,2.9654,NA,NA,NA,NA,5203.525,83208.14712,93971.78257,2,"lunge",45.044994,54.35685,4.1029,1.1454,2.9575,9.311856,"mn14_114a","2014-04-24 15:50:07",57.61747,-133.92529,NA,NA,NA,NA,NA,NA,0,NA,NA,NA,NA,NA,NA,NA,NA,NA,NA,NA,NA,NA,NA,NA,NA,NA,NA,NA,NA,NA,NA,NA,NA,NA,NA,NA,NA,NA,4.5,NA,NA,NA,NA,NA,NA,NA,NA,40142,"24.04.2014","15:50:07:0800",208141,5203.525,86.72541667,39810234,52.611702,0,398,-182,67,32767,32767,32767,6608,41.36091391,4736,2432,10,0,2.9654,2,24042014,3.91759277768583,NA,642.777833305749,0.8875,-62.6,NA,NA,2.94,1,NA,-85,954,0.255258792005103
"774",955,955,41948,52.377006,NA,46.377006,NA,NA,NA,NA,NA,NA,3.1929,NA,NA,NA,NA,5248.675,77152.89395,34729.31229,2,"lunge",39.153558,48.484278,3.8754,1.1454,2.73,9.33072,"mn14_114a","2014-04-24 15:50:52",57.61747,-133.92529,NA,NA,NA,NA,NA,NA,0,NA,NA,NA,NA,NA,NA,NA,NA,NA,NA,NA,NA,NA,NA,NA,NA,NA,NA,NA,NA,NA,NA,NA,NA,NA,NA,NA,NA,NA,4.4375,NA,NA,NA,NA,NA,NA,NA,NA,41948,"24.04.2014","15:50:52:0950",209947,5248.675,87.47791667,37732002,46.377006,0,389,-203,83,32767,32767,32767,4560,27.12929446,5328,3568,11,0,3.1929,2,24042014,3.89259277768583,NA,642.777833305749,0.875,-62.6,NA,NA,2.94,1,NA,-85,955,0.256898179982368
"775",956,956,42959,38.351994,NA,32.351994,NA,NA,NA,NA,NA,NA,4.1029,NA,NA,NA,NA,5273.95,85170.1388,37020.26424,2,"lunge",21.86037,33.794622,4.7854,1.3729,3.4125,11.934252,"mn14_114a","2014-04-24 15:51:18",57.61747,-133.92529,NA,NA,NA,NA,NA,NA,0,NA,NA,NA,NA,NA,NA,NA,NA,NA,NA,NA,NA,NA,NA,NA,NA,NA,NA,NA,NA,NA,NA,NA,NA,NA,NA,NA,NA,NA,4.4375,NA,NA,NA,NA,NA,NA,NA,NA,42959,"24.04.2014","15:51:18:0375",210958,5273.95,87.89916667,33056998,32.351994,0,340,-228,123,32767,32767,32767,4032,23.77837896,6816,3568,15,0,4.1029,2,24042014,3.87814833324139,NA,642.777833305749,0.867777777777778,-62.6,NA,NA,2.94,1,NA,-85,956,0.257855015866346
"776",957,957,56731,55.158426,NA,49.158426,NA,NA,NA,NA,NA,NA,3.6479,NA,NA,NA,NA,5618.25,96690.11956,41611.67734,3,"lunge",39.094698,52.35921,4.5579,1.3729,3.185,13.264512,"mn14_114a","2014-04-24 15:57:03",57.61747,-133.92529,NA,NA,NA,NA,NA,NA,0,NA,NA,NA,NA,NA,NA,NA,NA,NA,NA,NA,NA,NA,NA,NA,NA,NA,NA,NA,NA,NA,NA,NA,NA,NA,NA,NA,NA,NA,4.6875,NA,NA,NA,NA,NA,NA,NA,NA,56731,"24.04.2014","15:57:03:0425",224730,5618.25,93.6375,38659142,49.158426,0,326,-197,147,32767,32767,32767,7008,44.4912234,5968,3536,13,0,3.6479,3,24042014,3.68648166657472,NA,642.777833305749,0.771944444444444,-62.6,NA,NA,2.94,1,NA,-85,957,0.271261351729207
"777",958,958,57914,44.54217,NA,38.54217,NA,NA,NA,NA,NA,NA,4.1029,NA,NA,NA,NA,5647.825,72662.76075,62771.36944,3,"lunge",25.800822,40.224762,4.3304,1.3729,2.9575,14.42394,"mn14_114a","2014-04-24 15:57:33",57.61747,-133.92529,NA,NA,NA,NA,NA,NA,0,NA,NA,NA,NA,NA,NA,NA,NA,NA,NA,NA,NA,NA,NA,NA,NA,NA,NA,NA,NA,NA,NA,NA,NA,NA,NA,NA,NA,NA,4.625,NA,NA,NA,NA,NA,NA,NA,NA,57914,"24.04.2014","15:57:33:0000",225913,5647.825,94.13041667,35120390,38.54217,0,374,-225,78,32767,32767,32767,7008,44.4912234,1536,1856,15,0,4.1029,3,24042014,3.66981499990805,NA,642.777833305749,0.763611111111111,-62.6,NA,NA,2.94,1,NA,-85,958,0.272493300077812
"778",959,959,60165,55.698138,NA,49.698138,NA,NA,NA,NA,NA,NA,5.4679,NA,NA,NA,NA,5704.1,76309.79535,51168.6434,3,"lunge",45.507066,50.305518,5.4679,1.1454,4.3225,4.798452,"mn14_114a","2014-04-24 15:58:29",57.61747,-133.92529,NA,NA,NA,NA,NA,NA,0,NA,NA,NA,NA,NA,NA,NA,NA,NA,NA,NA,NA,NA,NA,NA,NA,NA,NA,NA,NA,NA,NA,NA,NA,NA,NA,NA,NA,NA,4.5,NA,NA,NA,NA,NA,NA,NA,NA,60165,"24.04.2014","15:58:29:0450",228164,5704.1,95.06833333,38839046,49.698138,-6.20256,204,-336,127,32767,32767,32767,3696,21.69095037,3920,5616,21,16.78181818,5.4679,3,24042014,3.63870388879694,NA,642.777833305749,0.748055555555556,-62.6,NA,NA,2.94,1,NA,-85,959,0.274823132236415
"779",960,960,61609,57.89487,NA,51.89487,NA,NA,NA,NA,NA,NA,4.3304,NA,NA,NA,NA,5740.2,82477.15782,35659.29642,3,"lunge",42.91539,55.27563,4.7854,1.1454,3.64,12.36024,"mn14_114a","2014-04-24 15:59:05",57.61747,-133.92529,NA,NA,NA,NA,NA,NA,0,NA,NA,NA,NA,NA,NA,NA,NA,NA,NA,NA,NA,NA,NA,NA,NA,NA,NA,NA,NA,NA,NA,NA,NA,NA,NA,NA,NA,NA,4.5,NA,NA,NA,NA,NA,NA,NA,NA,61609,"24.04.2014","15:59:05:0700",229608,5740.2,95.67,39571290,51.89487,0,315,-213,158,32767,32767,32767,4912,29.41948465,6176,2912,16,0,4.3304,3,24042014,3.61870388879694,NA,642.777833305749,0.738055555555556,-62.6,NA,NA,2.94,1,NA,-85,960,0.276342035913984
"780",961,961,62920,54.296538,NA,48.296538,NA,NA,NA,NA,NA,NA,2.7379,NA,NA,NA,NA,5772.975,84935.26659,35463.07139,3,"lunge",42.177258,48.891174,3.8754,1.3729,2.5025,6.713916,"mn14_114a","2014-04-24 15:59:38",57.61747,-133.92529,NA,NA,NA,NA,NA,NA,0,NA,NA,NA,NA,NA,NA,NA,NA,NA,NA,NA,NA,NA,NA,NA,NA,NA,NA,NA,NA,NA,NA,NA,NA,NA,NA,NA,NA,NA,4.5,NA,NA,NA,NA,NA,NA,NA,NA,62920,"24.04.2014","15:59:38:0475",230919,5772.975,96.21625,38371846,48.296538,0,103,-318,151,32767,32767,32767,1056,6.061736218,4912,7056,9,0,2.7379,3,24042014,3.60037055546361,NA,642.777833305749,0.728888888888889,-62.6,NA,NA,2.94,1,NA,-85,961,0.277749188477971
"781",962,962,64278,60.011058,NA,54.011058,NA,NA,NA,NA,NA,NA,2.9654,NA,NA,NA,NA,5806.925,84446.36583,35558.30852,3,"lunge",49.091634,55.80813,4.3304,1.1454,3.185,6.716496,"mn14_114a","2014-04-24 16:00:12",57.61747,-133.92529,NA,NA,NA,NA,NA,NA,0,NA,NA,NA,NA,NA,NA,NA,NA,NA,NA,NA,NA,NA,NA,NA,NA,NA,NA,NA,NA,NA,NA,NA,NA,NA,NA,NA,NA,NA,4.4375,NA,NA,NA,NA,NA,NA,NA,NA,64278,"24.04.2014","16:00:12:0575",232277,5806.925,96.78208333,40276686,54.011058,0,24,-275,155,32767,32767,32767,-1712,-9.857596915,6272,5648,10,0,2.9654,3,24042014,3.58148166657472,NA,642.777833305749,0.719444444444444,-62.6,NA,NA,2.94,1,NA,-85,962,0.279214049685863
"782",963,963,65914,54.22683,NA,48.22683,NA,NA,NA,NA,NA,NA,3.6479,NA,NA,NA,NA,5847.825,90352.34254,54529.90714,3,"lunge",39.331122,51.251094,4.3304,1,3.64,11.919972,"mn14_114a","2014-04-24 16:00:53",57.61747,-133.92529,NA,NA,NA,NA,NA,NA,0,NA,NA,NA,NA,NA,NA,NA,NA,NA,NA,NA,NA,NA,NA,NA,NA,NA,NA,NA,NA,NA,NA,NA,NA,NA,NA,NA,NA,NA,4.4375,NA,NA,NA,NA,NA,NA,NA,NA,65914,"24.04.2014","16:00:53:0650",233913,5847.825,97.46375,38348610,48.22683,0,321,-257,128,32767,32767,32767,6448,40.15068181,5552,3536,13,0,3.6479,3,24042014,3.55870388879694,NA,642.777833305749,0.708055555555556,-62.6,NA,NA,2.94,1,NA,-85,963,0.281001182241679
"783",964,964,67393,58.513602,NA,52.513602,NA,NA,NA,NA,NA,NA,3.8754,NA,NA,NA,NA,5884.8,71485.98527,27055.38069,3,"lunge",52.116054,53.26527,4.5579,1.1454,3.4125,1.149216,"mn14_114a","2014-04-24 16:01:30",57.61747,-133.92529,NA,NA,NA,NA,NA,NA,0,NA,NA,NA,NA,NA,NA,NA,NA,NA,NA,NA,NA,NA,NA,NA,NA,NA,NA,NA,NA,NA,NA,NA,NA,NA,NA,NA,NA,NA,4.4375,NA,NA,NA,NA,NA,NA,NA,NA,67393,"24.04.2014","16:01:30:0625",235392,5884.8,98.08,39777534,52.513602,0,82,-205,207,32767,32767,32767,-240,-1.375230752,6880,2400,14,0,3.8754,3,24042014,3.53814833324139,NA,642.777833305749,0.697777777777778,-62.6,NA,NA,2.94,1,NA,-85,964,0.282633712839245
"784",965,965,68793,60.015522,NA,54.015522,NA,NA,NA,NA,NA,NA,3.6479,NA,NA,NA,NA,5919.8,76092.38545,35921.84715,3,"lunge",50.024742,54.430326,3.6479,1,2.9575,4.405584,"mn14_114a","2014-04-24 16:02:05",57.61747,-133.92529,NA,NA,NA,NA,NA,NA,0,NA,NA,NA,NA,NA,NA,NA,NA,NA,NA,NA,NA,NA,NA,NA,NA,NA,NA,NA,NA,NA,NA,NA,NA,NA,NA,NA,NA,NA,4.4375,NA,NA,NA,NA,NA,NA,NA,NA,68793,"24.04.2014","16:02:05:0775",236792,5919.8,98.66333333,40278174,54.015522,0,172,-356,115,32767,32767,32767,2608,15.1175366,4416,5824,13,0,3.6479,3,24042014,3.51870388879694,NA,642.777833305749,0.688055555555556,-62.6,NA,NA,2.94,1,NA,-85,965,0.284195553704834
"785",966,966,69829,60.354522,NA,54.354522,NA,NA,NA,NA,NA,NA,1.6004,NA,NA,NA,NA,5945.7,73917.08955,50771.46896,3,"lunge",48.029946,54.739254,3.8754,1,3.185,6.709308,"mn14_114a","2014-04-24 16:02:31",57.61747,-133.92529,NA,NA,NA,NA,NA,NA,0,NA,NA,NA,NA,NA,NA,NA,NA,NA,NA,NA,NA,NA,NA,NA,NA,NA,NA,NA,NA,NA,NA,NA,NA,NA,NA,NA,NA,NA,4.4375,NA,NA,NA,NA,NA,NA,NA,NA,69829,"24.04.2014","16:02:31:0675",237828,5945.7,99.095,40391174,54.354522,0,227,-295,162,32767,32767,32767,2240,12.94408154,3952,6016,4,0,1.6004,3,24042014,3.5042594443525,NA,642.777833305749,0.680833333333333,-62.6,NA,NA,2.94,1,NA,-85,966,0.285366998614104
"786",967,967,78645,57.375366,NA,51.375366,NA,NA,NA,NA,NA,NA,4.3304,NA,NA,NA,NA,6166.1,81456.05063,35606.94801,4,"lunge",50.171118,51.694542,4.7854,1,4.095,1.523424,"mn14_114a","2014-04-24 16:06:12",57.61747,-133.92529,NA,NA,NA,NA,NA,NA,0,NA,NA,NA,NA,NA,NA,NA,NA,NA,NA,NA,NA,NA,NA,NA,NA,NA,NA,NA,NA,NA,NA,NA,NA,NA,NA,NA,NA,NA,4.9375,NA,NA,NA,NA,NA,NA,NA,NA,78645,"24.04.2014","16:06:12:0700",246644,6166.1,102.7683333,39398122,51.375366,0,74,-275,176,32767,32767,32767,-288,-1.650346648,7344,3872,16,0,4.3304,4,24042014,3.38148166657472,NA,642.777833305749,0.619444444444444,-62.6,NA,NA,2.94,1,NA,-85,967,0.295728351830147
"787",968,968,81031,47.899998,NA,41.899998,NA,NA,NA,NA,NA,NA,3.8754,NA,NA,NA,NA,6225.75,66697.7457,45024.7397,4,"lunge",31.651206,43.45323,4.1029,1.3729,2.73,11.802024,"mn14_114a","2014-04-24 16:07:12",57.61747,-133.92529,NA,NA,NA,NA,NA,NA,0,NA,NA,NA,NA,NA,NA,NA,NA,NA,NA,NA,NA,NA,NA,NA,NA,NA,NA,NA,NA,NA,NA,NA,NA,NA,NA,NA,NA,NA,4.625,NA,NA,NA,NA,NA,NA,NA,NA,81031,"24.04.2014","16:07:12:0500",249030,6225.75,103.7625,36239666,41.899998,-11.38368,307,-275,119,32767,32767,32767,5552,33.72449139,2304,3184,14,20.5037464,3.8754,4,24042014,3.34814833324139,NA,642.777833305749,0.602777777777778,-62.6,NA,NA,2.94,1,NA,-85,968,0.298672549860384
"788",969,969,82776,47.52771,NA,41.52771,NA,NA,NA,NA,NA,NA,4.1029,NA,NA,NA,NA,6269.375,74026.90674,33432.79572,4,"lunge",38.04477,42.165174,4.7854,1,3.8675,4.120404,"mn14_114a","2014-04-24 16:07:56",57.61747,-133.92529,NA,NA,NA,NA,NA,NA,0,NA,NA,NA,NA,NA,NA,NA,NA,NA,NA,NA,NA,NA,NA,NA,NA,NA,NA,NA,NA,NA,NA,NA,NA,NA,NA,NA,NA,NA,4.5,NA,NA,NA,NA,NA,NA,NA,NA,82776,"24.04.2014","16:07:56:0125",250775,6269.375,104.4895833,36115570,41.52771,0,111,-264,192,32767,32767,32767,928,5.324709661,6656,3440,15,0,4.1029,4,24042014,3.32370388879694,NA,642.777833305749,0.590555555555556,-62.6,NA,NA,2.94,1,NA,-85,969,0.30086916086919
"789",970,970,84033,49.900686,NA,43.900686,NA,NA,NA,NA,NA,NA,4.5579,NA,NA,NA,NA,6300.8,75261.28603,57731.13286,4,"lunge",31.214166,48.265242,5.2404,1.6004,3.64,17.051076,"mn14_114a","2014-04-24 16:08:27",57.61747,-133.92529,NA,NA,NA,NA,NA,NA,0,NA,NA,NA,NA,NA,NA,NA,NA,NA,NA,NA,NA,NA,NA,NA,NA,NA,NA,NA,NA,NA,NA,NA,NA,NA,NA,NA,NA,NA,4.5,NA,NA,NA,NA,NA,NA,NA,NA,84033,"24.04.2014","16:08:27:0700",252032,6300.8,105.0133333,36906562,43.900686,0,357,-247,104,32767,32767,32767,6896,43.59845374,1968,2736,17,0,4.5579,4,24042014,3.30648166657472,NA,642.777833305749,0.581944444444444,-62.6,NA,NA,2.94,1,NA,-85,970,0.302436275425029
"790",971,971,86033,58.427274,NA,52.427274,NA,NA,NA,NA,NA,NA,4.3304,NA,NA,NA,NA,6350.8,73422.72382,24689.68117,4,"lunge",49.910178,53.409666,4.5579,1.1454,3.4125,3.499488,"mn14_114a","2014-04-24 16:09:17",57.61747,-133.92529,NA,NA,NA,NA,NA,NA,0,NA,NA,NA,NA,NA,NA,NA,NA,NA,NA,NA,NA,NA,NA,NA,NA,NA,NA,NA,NA,NA,NA,NA,NA,NA,NA,NA,NA,NA,4.4375,NA,NA,NA,NA,NA,NA,NA,NA,86033,"24.04.2014","16:09:17:0700",254032,6350.8,105.8466667,39748758,52.427274,0,69,-229,195,32767,32767,32767,-208,-1.191838164,6736,3264,16,0,4.3304,4,24042014,3.27870388879694,NA,642.777833305749,0.568055555555556,-62.6,NA,NA,2.94,1,NA,-85,971,0.304998570751362
"791",972,972,87605,44.769942,NA,38.769942,NA,NA,NA,NA,NA,NA,4.1029,NA,NA,NA,NA,6390.1,88362.49104,104594.8406,4,"lunge",26.758638,42.465786,4.5579,1.1454,3.4125,15.707148,"mn14_114a","2014-04-24 16:09:57",57.61747,-133.92529,NA,NA,NA,NA,NA,NA,0,NA,NA,NA,NA,NA,NA,NA,NA,NA,NA,NA,NA,NA,NA,NA,NA,NA,NA,NA,NA,NA,NA,NA,NA,NA,NA,NA,NA,NA,4.4375,NA,NA,NA,NA,NA,NA,NA,NA,87605,"24.04.2014","16:09:57:0150",255604,6390.1,106.5016667,35196314,38.769942,0,346,-226,107,32767,32767,32767,7648,49.88920241,3968,2640,15,0,4.1029,4,24042014,3.25648166657472,NA,642.777833305749,0.556944444444444,-62.6,NA,NA,2.94,1,NA,-85,972,0.307079880186101
"792",973,973,89789,58.376274,NA,52.376274,NA,NA,NA,NA,NA,NA,3.1929,NA,NA,NA,NA,6444.7,78727.97613,23597.63622,4,"lunge",51.329694,52.384002,4.1029,1,3.4125,1.054308,"mn14_114a","2014-04-24 16:10:51",57.61747,-133.92529,NA,NA,NA,NA,NA,NA,0,NA,NA,NA,NA,NA,NA,NA,NA,NA,NA,NA,NA,NA,NA,NA,NA,NA,NA,NA,NA,NA,NA,NA,NA,NA,NA,NA,NA,NA,4.375,NA,NA,NA,NA,NA,NA,NA,NA,89789,"24.04.2014","16:10:51:0925",257788,6444.7,107.4116667,39731758,52.376274,0,150,-244,201,32767,32767,32767,1280,7.35403521,6656,4304,11,0,3.1929,4,24042014,3.22648166657472,NA,642.777833305749,0.541944444444444,-62.6,NA,NA,2.94,1,NA,-85,973,0.309935125421498
"793",974,974,90918,57.26913,NA,51.26913,NA,NA,NA,NA,NA,NA,3.4204,NA,NA,NA,NA,6472.925,89960.65695,31967.22896,4,"lunge",45.07953,53.045574,3.6479,1.1454,2.5025,7.966044,"mn14_114a","2014-04-24 16:11:20",57.61747,-133.92529,NA,NA,NA,NA,NA,NA,0,NA,NA,NA,NA,NA,NA,NA,NA,NA,NA,NA,NA,NA,NA,NA,NA,NA,NA,NA,NA,NA,NA,NA,NA,NA,NA,NA,NA,NA,4.4375,NA,NA,NA,NA,NA,NA,NA,NA,90918,"24.04.2014","16:11:20:0150",258917,6472.925,107.8820833,39362710,51.26913,-0.78624,224,-229,196,32767,32767,32767,4320,25.59455228,7184,3728,12,1.82,3.4204,4,24042014,3.21037055546361,NA,642.777833305749,0.533888888888889,-62.6,NA,NA,2.94,1,NA,-85,974,0.311490521958014
"794",975,975,92218,41.787582,NA,35.787582,NA,NA,NA,NA,NA,NA,3.8754,NA,NA,NA,NA,6505.425,73149.64272,45928.10669,4,"lunge",22.179762,40.188618,4.3304,1,3.64,18.008856,"mn14_114a","2014-04-24 16:11:52",57.61747,-133.92529,NA,NA,NA,NA,NA,NA,0,NA,NA,NA,NA,NA,NA,NA,NA,NA,NA,NA,NA,NA,NA,NA,NA,NA,NA,NA,NA,NA,NA,NA,NA,NA,NA,NA,NA,NA,4.375,NA,NA,NA,NA,NA,NA,NA,NA,92218,"24.04.2014","16:11:52:0650",260217,6505.425,108.42375,34202194,35.787582,0,391,-229,63,32767,32767,32767,6560,40.99551881,2496,2528,14,0,3.8754,4,24042014,3.19259277768583,NA,642.777833305749,0.525,-62.6,NA,NA,2.94,1,NA,-85,975,0.313225039845155
"795",976,976,99441,59.607882,NA,53.607882,NA,NA,NA,NA,NA,NA,4.1029,NA,NA,NA,NA,6686,84203.33607,27721.56382,5,"lunge",45.349734,54.296418,4.7854,1,3.8675,8.946684,"mn14_114a","2014-04-24 16:14:53",57.61747,-133.92529,NA,NA,NA,NA,NA,NA,0,NA,NA,NA,NA,NA,NA,NA,NA,NA,NA,NA,NA,NA,NA,NA,NA,NA,NA,NA,NA,NA,NA,NA,NA,NA,NA,NA,NA,NA,4.875,NA,NA,NA,NA,NA,NA,NA,NA,99441,"24.04.2014","16:14:53:0750",267440,6686,111.4333333,40142294,53.607882,-7.72752,282,-292,134,32767,32767,32767,6448,40.15068181,3712,4288,15,11.98436725,4.1029,5,24042014,3.09203722213028,NA,642.777833305749,0.474722222222222,-62.6,NA,NA,2.94,1,NA,-85,976,0.32341137190808
"796",977,977,100905,59.846286,NA,53.846286,NA,NA,NA,NA,NA,NA,4.1029,NA,NA,NA,NA,6722.6,66902.63282,35287.02339,5,"lunge",44.10135,55.150338,4.3304,1.1454,3.185,11.048988,"mn14_114a","2014-04-24 16:15:30",57.61747,-133.92529,NA,NA,NA,NA,NA,NA,0,NA,NA,NA,NA,NA,NA,NA,NA,NA,NA,NA,NA,NA,NA,NA,NA,NA,NA,NA,NA,NA,NA,NA,NA,NA,NA,NA,NA,NA,4.6875,NA,NA,NA,NA,NA,NA,NA,NA,100905,"24.04.2014","16:15:30:0350",268904,6722.6,112.0433333,40221762,53.846286,-9.32688,298,-313,102,32767,32767,32767,5584,33.94521915,3024,2496,15,16.70286533,4.1029,5,24042014,3.07148166657472,NA,642.777833305749,0.464444444444444,-62.6,NA,NA,2.94,1,NA,-85,977,0.325575767188345
"797",978,978,102990,60.562542,NA,54.562542,NA,NA,NA,NA,NA,NA,3.1929,NA,NA,NA,NA,6774.725,71565.14209,32511.72196,5,"lunge",47.507046,56.608302,4.3304,1,3.4125,9.101256,"mn14_114a","2014-04-24 16:16:22",57.61747,-133.92529,NA,NA,NA,NA,NA,NA,0,NA,NA,NA,NA,NA,NA,NA,NA,NA,NA,NA,NA,NA,NA,NA,NA,NA,NA,NA,NA,NA,NA,NA,NA,NA,NA,NA,NA,NA,4.5625,NA,NA,NA,NA,NA,NA,NA,NA,102990,"24.04.2014","16:16:22:0650",270989,6774.725,112.9120833,40460514,54.562542,0,220,-208,202,32767,32767,32767,2880,16.73825676,6304,2288,11,0,3.1929,5,24042014,3.04259277768583,NA,642.777833305749,0.45,-62.6,NA,NA,2.94,1,NA,-85,978,0.328667052434336
"798",979,979,105721,69.582186,NA,63.582186,NA,NA,NA,NA,NA,NA,3.6479,NA,NA,NA,NA,6843,77203.76743,17422.97028,5,"lunge",55.930242,64.64691,3.8754,1.3729,2.5025,8.716668,"mn14_114a","2014-04-24 16:17:31",57.61747,-133.92529,NA,NA,NA,NA,NA,NA,0,NA,NA,NA,NA,NA,NA,NA,NA,NA,NA,NA,NA,NA,NA,NA,NA,NA,NA,NA,NA,NA,NA,NA,NA,NA,NA,NA,NA,NA,4.5,NA,NA,NA,NA,NA,NA,NA,NA,105721,"24.04.2014","16:17:31:0100",273720,6843,114.05,43467062,63.582186,-2.13504,241,-201,193,32767,32767,32767,4240,25.08738308,5776,3264,13,5.035471698,3.6479,5,24042014,3.0042594443525,NA,642.777833305749,0.430833333333333,-62.6,NA,NA,2.94,1,NA,-85,979,0.332860732743915
"799",980,980,108241,50.14437,NA,44.14437,NA,NA,NA,NA,NA,NA,3.6479,NA,NA,NA,NA,6906,75518.42,41443.63,5,"lunge",40.74203,44.73315,3.6479,1.1454,2.5025,3.99112,"mn14_114a","2014-04-24 16:18:34",57.61747,-133.92529,NA,NA,NA,NA,NA,NA,0,NA,NA,NA,NA,NA,NA,NA,NA,NA,NA,NA,NA,NA,NA,NA,NA,NA,NA,NA,NA,NA,NA,NA,NA,NA,NA,NA,NA,NA,4.4375,NA,NA,NA,NA,NA,NA,NA,NA,108241,"24.04.2014","16:18:34:0275",276240,6906,115.1,36987790,44.14437,0,235,-275,172,32767,32767,32767,4032,23.77837896,4656,4624,13,0,3.6479,5,24042014,2.9692594443525,NA,642.777833305749,0.413333333333333,-62.6,NA,NA,2.94,1,NA,-85,980,0.336784312297799
"800",981,981,109428,48.39869,NA,42.39869,NA,NA,NA,NA,NA,NA,4.1029,NA,NA,NA,NA,6935.675,89376.31,30888.91,5,"lunge",35.3401,43.88261,4.3304,1.3729,2.9575,8.54251,"mn14_114a","2014-04-24 16:19:04",57.61747,-133.92529,NA,NA,NA,NA,NA,NA,0,NA,NA,NA,NA,NA,NA,NA,NA,NA,NA,NA,NA,NA,NA,NA,NA,NA,NA,NA,NA,NA,NA,NA,NA,NA,NA,NA,NA,NA,4.4375,NA,NA,NA,NA,NA,NA,NA,NA,109428,"24.04.2014","16:19:04:0125",277427,6935.675,115.5946,36405898,42.39869,0,265,-288,148,32767,32767,32767,6016,36.98457535,4976,4704,15,0,4.1029,5,24042014,2.95259277768583,NA,642.777833305749,0.405,-62.6,NA,NA,2.94,1,NA,-85,981,0.3386853776645
"801",982,982,110711,46.41581,NA,40.41581,NA,NA,NA,NA,NA,NA,3.6479,NA,NA,NA,NA,6967.75,98277.87,43577.79,5,"lunge",31.12799,41.24005,4.1029,1.3729,2.73,10.11206,"mn14_114a","2014-04-24 16:19:36",57.61747,-133.92529,NA,NA,NA,NA,NA,NA,0,NA,NA,NA,NA,NA,NA,NA,NA,NA,NA,NA,NA,NA,NA,NA,NA,NA,NA,NA,NA,NA,NA,NA,NA,NA,NA,NA,NA,NA,4.375,NA,NA,NA,NA,NA,NA,NA,NA,110711,"24.04.2014","16:19:36:0200",278710,6967.75,116.1292,35744938,40.41581,1.87008,173,-284,182,32767,32767,32767,3456,20.21842629,7152,6112,13,5.411111111,3.6479,5,24042014,2.93481499990805,NA,642.777833305749,0.396111111111111,-62.6,NA,NA,2.94,1,NA,-85,982,0.340736980024748
"802",983,983,111719,37.42365,NA,31.42365,NA,NA,NA,NA,NA,NA,3.4204,NA,NA,NA,NA,6992.95,74821.55,33657.25,5,"lunge",30.27095,43.34225,3.4204,1.6004,1.82,13.0713,"mn14_114a","2014-04-24 16:20:01",57.61747,-133.92529,NA,NA,NA,NA,NA,NA,0,NA,NA,NA,NA,NA,NA,NA,NA,NA,NA,NA,NA,NA,NA,NA,NA,NA,NA,NA,NA,NA,NA,NA,NA,NA,NA,NA,NA,NA,4.375,NA,NA,NA,NA,NA,NA,NA,NA,111719,"24.04.2014","16:20:01:0550",279718,6992.95,116.5492,32747550,31.42365,0,-26,-178,164,32767,32767,32767,-3456,-20.21842629,6800,208,12,0,3.4204,5,24042014,2.92092611101917,NA,642.777833305749,0.389166666666667,-62.6,NA,NA,2.94,1,NA,-85,983,0.34235717097653
"803",984,984,112588,59.08328,NA,53.08328,NA,NA,NA,NA,NA,NA,4.3304,NA,NA,NA,NA,7014.675,77284.08,31901.74,5,"lunge",49.19834,53.82877,4.5579,1.3729,3.185,4.63043,"mn14_114a","2014-04-24 16:20:23",57.61747,-133.92529,NA,NA,NA,NA,NA,NA,0,NA,NA,NA,NA,NA,NA,NA,NA,NA,NA,NA,NA,NA,NA,NA,NA,NA,NA,NA,NA,NA,NA,NA,NA,NA,NA,NA,NA,NA,4.375,NA,NA,NA,NA,NA,NA,NA,NA,112588,"24.04.2014","16:20:23:0300",280587,7014.675,116.9112,39967426,53.08328,-0.73824,138,-345,130,32767,32767,32767,2288,13.22643303,4944,5696,16,3.226573427,4.3304,5,24042014,2.90870388879694,NA,642.777833305749,0.383055555555556,-62.6,NA,NA,2.94,1,NA,-85,984,0.343795737975104
"804",985,985,113714,54.84824,NA,48.84824,NA,NA,NA,NA,NA,NA,3.1929,NA,NA,NA,NA,7042.825,77270.06,23333.04,5,"lunge",47.51177,52.16445,4.5579,2.2829,2.275,4.65268,"mn14_114a","2014-04-24 16:20:51",57.61747,-133.92529,NA,NA,NA,NA,NA,NA,0,NA,NA,NA,NA,NA,NA,NA,NA,NA,NA,NA,NA,NA,NA,NA,NA,NA,NA,NA,NA,NA,NA,NA,NA,NA,NA,NA,NA,NA,4.4375,NA,NA,NA,NA,NA,NA,NA,NA,113714,"24.04.2014","16:20:51:0450",281713,7042.825,117.3804,38555746,48.84824,0,101,-258,192,32767,32767,32767,704,4.036962211,6096,4944,11,0,3.1929,5,24042014,2.89314833324139,NA,642.777833305749,0.375277777777778,-62.6,NA,NA,2.94,1,NA,-85,985,0.345644220349958
"805",986,986,124538,44.31523,NA,38.31523,NA,NA,NA,NA,NA,NA,2.5104,NA,NA,NA,NA,7313.425,54872.01,77859.78,6,"lunge",32.62811,41.88941,3.8754,1,2.9575,9.2613,"mn14_114a","2014-04-24 16:25:22",57.61747,-133.92529,NA,NA,NA,NA,NA,NA,0,NA,NA,NA,NA,NA,NA,NA,NA,NA,NA,NA,NA,NA,NA,NA,NA,NA,NA,NA,NA,NA,NA,NA,NA,NA,NA,NA,NA,NA,4.6875,NA,NA,NA,NA,NA,NA,NA,NA,124538,"24.04.2014","16:25:22:0925",292537,7313.425,121.8904,35044742,38.31523,0,364,-216,106,32767,32767,32767,5008,30.0529417,1168,2208,8,0,2.5104,6,24042014,2.74259277768583,NA,642.777833305749,0.3,-62.6,NA,NA,2.94,1,NA,-85,986,0.364618476405304
"806",987,987,125422,42.05229,NA,36.05229,NA,NA,NA,NA,NA,NA,3.6479,NA,NA,NA,NA,7335.525,86400.61,40382.02,6,"lunge",34.13679,44.2855,4.1029,1.6004,2.5025,10.14871,"mn14_114a","2014-04-24 16:25:45",57.61747,-133.92529,NA,NA,NA,NA,NA,NA,0,NA,NA,NA,NA,NA,NA,NA,NA,NA,NA,NA,NA,NA,NA,NA,NA,NA,NA,NA,NA,NA,NA,NA,NA,NA,NA,NA,NA,NA,4.5625,NA,NA,NA,NA,NA,NA,NA,NA,125422,"24.04.2014","16:25:45:0025",293421,7335.525,122.2588,34290430,36.05229,0,-50,-36,97,32767,32767,32767,-5984,-36.75539183,5120,-3952,13,0,3.6479,6,24042014,2.72981499990805,NA,642.777833305749,0.293611111111111,-62.6,NA,NA,2.94,1,NA,-85,987,0.366325190547228
"807",988,988,128073,52.6388,NA,46.6388,NA,NA,NA,NA,NA,NA,3.6479,NA,NA,NA,NA,7401.8,83819.04,55617.15,6,"lunge",37.58677,49.73447,4.3304,1.3729,2.9575,12.1477,"mn14_114a","2014-04-24 16:26:51",57.61747,-133.92529,NA,NA,NA,NA,NA,NA,0,NA,NA,NA,NA,NA,NA,NA,NA,NA,NA,NA,NA,NA,NA,NA,NA,NA,NA,NA,NA,NA,NA,NA,NA,NA,NA,NA,NA,NA,4.5,NA,NA,NA,NA,NA,NA,NA,NA,128073,"24.04.2014","16:26:51:0475",296072,7401.8,123.3633,37819266,46.6388,0,319,-192,148,32767,32767,32767,6528,40.75304405,5168,1936,13,0,3.6479,6,24042014,2.69314833324139,NA,642.777833305749,0.275277777777778,-62.6,NA,NA,2.94,1,NA,-85,988,0.371312633491833
"808",989,989,130740,56.79478,NA,50.79478,NA,NA,NA,NA,NA,NA,4.1029,NA,NA,NA,NA,7468.475,89536.88,69974.16,6,"lunge",40.72325,54.2003,4.7854,1.1454,3.64,13.47705,"mn14_114a","2014-04-24 16:27:58",57.61747,-133.92529,NA,NA,NA,NA,NA,NA,0,NA,NA,NA,NA,NA,NA,NA,NA,NA,NA,NA,NA,NA,NA,NA,NA,NA,NA,NA,NA,NA,NA,NA,NA,NA,NA,NA,NA,NA,4.4375,NA,NA,NA,NA,NA,NA,NA,NA,130740,"24.04.2014","16:27:58:0325",298739,7468.475,124.4746,39204594,50.79478,0,343,-176,140,32767,32767,32767,6272,38.8438444,5760,3296,15,0,4.1029,6,24042014,2.65592611101916,NA,642.777833305749,0.256666666666667,-62.6,NA,NA,2.94,1,NA,-85,989,0.376516498652241
"809",990,990,132900,62.91777,NA,56.91777,NA,NA,NA,NA,NA,NA,5.0129,NA,NA,NA,NA,7522.475,78404.94,68412.69,6,"lunge",47.71496,57.9713,5.2404,1,4.55,10.25634,"mn14_114a","2014-04-24 16:28:52",57.61747,-133.92529,NA,NA,NA,NA,NA,NA,0,NA,NA,NA,NA,NA,NA,NA,NA,NA,NA,NA,NA,NA,NA,NA,NA,NA,NA,NA,NA,NA,NA,NA,NA,NA,NA,NA,NA,NA,4.4375,NA,NA,NA,NA,NA,NA,NA,NA,132900,"24.04.2014","16:28:52:0525",300899,7522.475,125.3746,41245590,56.91777,0,324,-271,121,32767,32767,32767,7024,44.61987489,3152,2160,19,0,5.0129,6,24042014,2.62592611101917,NA,642.777833305749,0.241666666666667,-62.6,NA,NA,2.94,1,NA,-85,990,0.380818026753953
"810",991,991,134641,56.94256,NA,50.94256,NA,NA,NA,NA,NA,NA,4.3304,NA,NA,NA,NA,7566,76671.52,91946.59,6,"lunge",39.97111,54.81843,4.5579,1.1454,3.4125,14.84732,"mn14_114a","2014-04-24 16:29:36",57.61747,-133.92529,NA,NA,NA,NA,NA,NA,0,NA,NA,NA,NA,NA,NA,NA,NA,NA,NA,NA,NA,NA,NA,NA,NA,NA,NA,NA,NA,NA,NA,NA,NA,NA,NA,NA,NA,NA,4.4375,NA,NA,NA,NA,NA,NA,NA,NA,134641,"24.04.2014","16:29:36:0050",302640,7566,126.1,39253854,50.94256,-9.19152,388,-172,81,32767,32767,32767,7024,44.61987489,2672,2160,16,13.08587699,4.3304,6,24042014,2.60148166657472,NA,642.777833305749,0.229444444444444,-62.6,NA,NA,2.94,1,NA,-85,991,0.384396328003597
"811",992,992,143517,44.64226,NA,38.64226,NA,NA,NA,NA,NA,NA,3.4204,NA,NA,NA,NA,7787.9,71097.36,31038.67,7,"lunge",35.54811,48.11084,3.8754,1,3.185,12.56273,"mn14_114a","2014-04-24 16:33:18",57.61747,-133.92529,NA,NA,NA,NA,NA,NA,0,NA,NA,NA,NA,NA,NA,NA,NA,NA,NA,NA,NA,NA,NA,NA,NA,NA,NA,NA,NA,NA,NA,NA,NA,NA,NA,NA,NA,NA,4.75,NA,NA,NA,NA,NA,NA,NA,NA,143517,"24.04.2014","16:33:18:0650",311516,7787.9,129.7983,35153754,38.64226,7.17024,-85,-32,23,32767,32767,32767,-5264,-31.76253846,2912,-4048,12,13.6212766,3.4204,7,24042014,2.47814833324139,NA,642.777833305749,0.167777777777778,-62.6,NA,NA,2.94,1,NA,-85,992,0.40352709585064
"812",993,993,145516,46.99247,NA,40.99247,NA,NA,NA,NA,NA,NA,3.8754,NA,NA,NA,NA,7837.875,82673.32,33537.03,7,"lunge",29.89843,44.65694,4.5579,1,3.64,14.75851,"mn14_114a","2014-04-24 16:34:08",57.61747,-133.92529,NA,NA,NA,NA,NA,NA,0,NA,NA,NA,NA,NA,NA,NA,NA,NA,NA,NA,NA,NA,NA,NA,NA,NA,NA,NA,NA,NA,NA,NA,NA,NA,NA,NA,NA,NA,4.5625,NA,NA,NA,NA,NA,NA,NA,NA,145516,"24.04.2014","16:34:08:0800",313515,7837.875,130.6312,35937158,40.99247,0,393,-166,47,32767,32767,32767,7424,47.93626204,2720,2928,14,0,3.8754,7,24042014,2.45037055546361,NA,642.777833305749,0.153888888888889,-62.6,NA,NA,2.94,1,NA,-85,993,0.408101541120094
"813",994,994,147311,39.95,NA,33.95,NA,NA,NA,NA,NA,NA,3.8754,NA,NA,NA,NA,7882.75,80576.72,35719.67,7,"lunge",32.14366,42.42109,4.5579,1,3.64,10.27743,"mn14_114a","2014-04-24 16:34:53",57.61747,-133.92529,NA,NA,NA,NA,NA,NA,0,NA,NA,NA,NA,NA,NA,NA,NA,NA,NA,NA,NA,NA,NA,NA,NA,NA,NA,NA,NA,NA,NA,NA,NA,NA,NA,NA,NA,NA,4.5,NA,NA,NA,NA,NA,NA,NA,NA,147311,"24.04.2014","16:34:53:0675",315310,7882.75,131.3792,33589666,33.95,0,-69,4,21,32767,32767,32767,-5696,-34.72233725,2416,-5408,14,0,3.8754,7,24042014,2.42537055546361,NA,642.777833305749,0.141388888888889,-62.6,NA,NA,2.94,1,NA,-85,994,0.412308130709062
"814",995,995,149506,48.71663,NA,42.71663,NA,NA,NA,NA,NA,NA,4.5579,NA,NA,NA,NA,7937.625,87053.59,49702.17,7,"lunge",31.5682,45.6007,4.5579,1.1454,3.4125,14.0325,"mn14_114a","2014-04-24 16:35:48",57.61747,-133.92529,NA,NA,NA,NA,NA,NA,0,NA,NA,NA,NA,NA,NA,NA,NA,NA,NA,NA,NA,NA,NA,NA,NA,NA,NA,NA,NA,NA,NA,NA,NA,NA,NA,NA,NA,NA,4.4375,NA,NA,NA,NA,NA,NA,NA,NA,149506,"24.04.2014","16:35:48:0725",317505,7937.625,132.2937,36511878,42.71663,0,304,-288,121,32767,32767,32767,5984,36.75539183,5328,3824,17,0,4.5579,7,24042014,2.39481499990805,NA,642.777833305749,0.126111111111111,-62.6,NA,NA,2.94,1,NA,-85,995,0.417568789254449
