"","X","p","tempr","pitch","roll","head","flownoise","Aw1","Aw2","Aw3","speedFN","speedSP","r","sec","MSA","jerk","dive","event","min.p","max.p","max.speed","min.speed","delta.speed","delta.p","tag"
"10830",10830,13.3647714033406,5.16325679573326,8.0355282240751,-11.1853633826799,142.598286040653,-61.7462707259584,0.0853353281149933,-0.235678384245217,1.19186070531418,3.02684750618275,NA,10830,2166,2.13718286097664,13.1460375573763,"5","lunge",9.76032292436694,13.7366344939761,3.02960329060029,1,2.16329030636039,3.97631156960916,"mn13_110a"
"19615",19615,17.6328981426017,5.00069435362627,-63.7156397124064,3.43889714437027,-37.261211171494,-61.5526609995967,-0.400279908391963,0.0386377095570883,0.642973210529893,2.88988497844217,NA,19615,3923,-2.36953965224517,24.9797225516856,"10","lunge",5.79800401782368,18.1801636670033,4.18798272835325,1.61743554589669,2.57054718245656,12.3821596491796,"mn13_110a"
"85931",85931,15.7091473876566,5.19336848671631,79.4585027950561,-74.9482614351494,33.4898084957058,-67.8769657393493,0.621297803665691,-0.721931728134364,0.194139908240975,2.31673618702255,NA,85931,17186.2,-0.274068212602013,4.79160596844112,"44","lunge",3.29976267008664,19.3401667271634,2.34033819385513,1.2014835387725,1.13885465508263,16.0404040570768,"mn13_110a"
"86271",86271,15.623142682342,5.21142360618029,90.8429064820469,-39.500466047683,0.0424426413620863,-69.1902011017184,0.692399013083344,-0.433992175804817,0.526465883291719,2.28364040276078,2.54356961128161,86271,17254.2,-0.273839994351774,4.95736530434414,"45","lunge",0.0939147784970924,19.3150375144728,2.33887643264527,1.30292937159935,1.03594706104592,19.2211227359757,"mn13_110a"
"86535",86535,14.8588751278923,5.23734104327013,37.7944115941716,-79.523784805398,139.434970020825,-75.1343460044509,0.349091794226443,-1.00277679233388,0.185423150884104,1.99411308580073,NA,86535,17307,0.763663778787728,3.48468849780242,"46","lunge",4.32554293464389,16.672534630199,2.06906666830235,1.09084939158029,0.97821727672206,12.3469916955551,"mn13_110a"
"87238",87238,21.0431726498939,5.19989252926557,100.734761663454,-39.2963672356509,33.0480968176191,-78.5373706798775,0.810010826102689,-0.424887329600241,0.519178034104033,1.75054848446664,2.15053518442074,87238,17447.6,0.507561969618647,2.82716656169273,"47","lunge",5.04133698859134,22.7606666279192,2.07033122506585,1,1.07492636164269,17.7193296393279,"mn13_110a"
"87706",87706,16.2177354689866,5.15817697106729,96.0660768841832,-57.6072853704377,-18.3064402760749,-72.4606562877359,0.844464849288816,-0.641300478382528,0.406867283548758,2.25622927903102,NA,87706,17541.2,1.33125320885982,7.9695313344348,"48","lunge",2.35148817389231,18.9844356827062,2.2664809985978,1.08243164966618,1.18404934893162,16.6329475088139,"mn13_110a"
"87972",87972,19.8469209893299,5.11823361528158,122.964595248081,-31.9427868805123,15.1316039423509,-66.8389685396288,0.850818926206723,-0.244588696845376,0.39229487039739,2.2841239689852,2.34084065006101,87972,17594.4,-0.310836111842883,5.08765239021144,"49","lunge",6.71813156568173,22.5858711748247,2.34982853434551,1.00605423259152,1.34377430175399,15.867739609143,"mn13_110a"
"88440",88440,18.6000564262178,5.17515955901187,89.1045774904595,-48.6937517003129,159.188659737712,-71.4604677418222,0.741317239618987,-0.565643243830097,0.497039036355024,2.17361787160388,NA,88440,17688,0.555742130712,5.85084727179245,"50","lunge",7.55694720893407,21.4474467203346,2.30132790677519,1,1.61267771681807,13.8904995114005,"mn13_110a"
"88771",88771,24.3718749099148,5.12531861619219,-31.1260108805407,11.1637817028414,-47.7423434176258,-68.5303932331934,-0.262001999903504,0.18213878064301,0.922929632219534,2.3682890911666,NA,88771,17754.2,-0.230122666931255,8.5437564694245,"50","lunge",23.9659604158369,26.3121754949204,2.38938911795743,1,1.45160527417796,2.3462150790835,"mn13_110a"
"89033",89033,18.2514871841963,5.11172567291474,78.981112056521,-65.3823617249885,-75.0066576744186,-70.5493555366449,0.660905824749296,-0.729115618205461,0.334086735435094,2.13750675189526,NA,89033,17806.6,0.384814187317935,6.51945291940284,"50","lunge",7.01930553924735,21.4280130477639,2.36082223206044,1,1.38991647335404,14.4087075085166,"mn13_110a"
"89212",89212,13.8522239564009,5.04281007259394,103.343937579802,-67.4809044630382,-77.279233800096,-71.1717365835531,0.915860548057732,-0.66882494721452,0.27729755064807,2.06436862438303,NA,89212,17842.4,1.6424670267215,6.51207398959053,"50","lunge",2.43902102599006,15.683460752796,2.22106567903327,1,1.2779285630968,13.2444397268059,"mn13_110a"
"89523",89523,21.1001367520307,5.04748105634482,115.204313335218,-51.5016720759107,-63.8009009421685,-66.6157090527722,0.809781711244117,-0.402160632503324,0.319873849660563,2.34935162307705,2.39680780937399,89523,17904.6,-0.401469985233975,4.80075073181987,"51","lunge",6.71966664844976,24.2823344648676,2.37283819466723,1.09258275042124,1.28025544424599,17.5626678164178,"mn13_110a"
"89832",89832,18.0821818309945,5.05333757442069,79.4037565710336,-62.4966187960516,-146.667112946822,-79.4099690021272,0.726650925341133,-0.776285273154037,0.404166762188349,1.87350259668495,NA,89832,17966.4,1.34878040176546,5.24688035169544,"51","lunge",7.91353370346847,19.7562536845041,1.95490778208345,1,1.27661696898047,11.8427199810356,"mn13_110a"
"90143",90143,20.00207032288,5.05790607730144,80.3332998964189,-45.0593959997937,77.4892381755576,-72.0986427757559,0.583910506372058,-0.48966996527096,0.488655777891916,2.17457097480126,NA,90143,18028.6,-0.928990179557338,4.17779000197703,"52","lunge",5.8641203243874,23.459190205841,2.26837401222887,1.18415493371669,1.08421907851218,17.5950698814536,"mn13_110a"
"90434",90434,20.2447393206383,5.06282395149606,64.0082106522706,-60.5781983711658,-147.29550280838,-69.4950691524218,0.457535401784495,-0.637672711795297,0.359629855082266,2.20037240607913,NA,90434,18086.8,-1.34050161440972,6.71897883413685,"53","lunge",6.6741255520408,23.7307820619669,2.33939016604696,1.29682497833115,1.04256518771581,17.0566565099261,"mn13_110a"
"90714",90714,19.5352815087677,5.05498310792467,113.462185996441,-56.739626045378,111.464618284709,-74.4217353315534,0.839465153756045,-0.460549690809455,0.302068853409912,1.93558827847433,2.3643539724865,90714,18142.8,0.0394090287422256,3.39308533445836,"53","lunge",7.904622561113,22.4061984298414,2.2272102253919,1.03081989048091,1.19639033491099,14.5015758687284,"mn13_110a"
"91049",91049,21.7198328749542,5.04627892962112,113.261190899356,-63.6413477712778,79.3144794388792,-70.4216565812403,0.950498175905395,-0.560925326440696,0.277941388029035,2.23019224696592,2.83590386931538,91049,18209.8,1.35457327447971,8.5570519534262,"53","lunge",8.45834356495548,24.861008286105,2.24775938507281,1,1.33792087242976,16.4026647211495,"mn13_110a"
"91285",91285,22.8299139331692,5.03680491828086,73.6032436260958,-32.2800297346666,-121.736198011525,-68.7661796109743,0.544503883110009,-0.38869275727924,0.615325878137228,2.37278987135373,NA,91285,18257,-0.89288268629248,7.12974948756775,"53","lunge",10.6399252719386,26.1361831495776,2.41231803183275,1,1.57057895923209,15.496257877639,"mn13_110a"
"91741",91741,20.6613687167085,5.01712008932356,105.273941245253,-80.9614124804672,197.591283933564,-73.951033283553,0.819326240319389,-0.617816871522805,0.0982791496397599,2.05733590239304,2.74745097688798,91741,18348.2,0.302536311051896,4.96798230103439,"54","lunge",8.05346610178064,23.9081655715398,2.16108302841101,1,1.18478022866872,15.8546994697592,"mn13_110a"
"92011",92011,17.7383132920354,5.01361361612699,88.0087834693625,-65.6085193917483,-35.7855570746206,-69.1501967676943,0.749567432503878,-0.706811715789706,0.320497299826606,2.29357018380754,NA,92011,18402.2,0.774323881600682,5.12795104048525,"54","lunge",5.28696914082057,20.4651829660272,2.35197838488702,1,1.43491875582417,15.1782138252066,"mn13_110a"
"92336",92336,13.8763592813704,5.02226610633123,112.192057186848,-68.0904820659283,-18.3969047607209,-74.0834227384118,0.867008089678381,-0.540607109467393,0.217426989534786,1.94945592685888,2.3059618171792,92336,18467.2,0.437585047970464,3.89500564315675,"55","lunge",0.329590556581207,16.2980891883383,2.14239473115595,1,1.16231997681528,15.9684986317571,"mn13_110a"
"93073",93073,0.0265968257926321,5.03571769538446,14.6510154982438,5.66973066660467,-7.62917611824697,-112.838306288378,0.131548763131179,0.101094366861092,1.01827797106738,0.804529732000612,NA,93073,18614.6,0.310919683449246,2.58184184142057,"56","lunge",-0.111482748956435,8.19604730349492,2.12525372189835,1,1.34247902766881,8.30753005245136,"mn13_110a"
"93964",93964,19.6988185148912,4.92122484882393,99.919146494975,-58.2892779905351,124.618907622345,-67.2027737676138,0.676076957586146,-0.483297833038609,0.29861577998534,2.52079105299808,2.93504040376859,93964,18792.8,-1.14660492481228,5.13455273738435,"57","lunge",7.03621470729485,23.8852856894911,2.55317759689801,1,1.73195064386131,16.8490709821962,"mn13_110a"
"94784",94784,21.8795046156999,4.83832733883409,103.289109766171,-44.3360248666839,61.6306486100416,-73.5924252033604,0.815861601333411,-0.451195429036535,0.46177591882187,2.01060072216338,2.26697108726466,94784,18956.8,0.396246661388924,5.10778522330778,"57","lunge",11.8874185394347,24.2950567309793,2.2407135807245,1,1.34869434710973,12.4076381915446,"mn13_110a"
"95427",95427,21.8833429758147,4.76729332769142,111.09808535625,-72.1684110218048,-120.622315868541,-79.9312146618087,0.832409555165399,-0.543617916096704,0.174867286198966,1.66347772604918,1.83690035462625,95427,19085.4,0.0927475081569821,2.39605321992825,"57","lunge",8.50154097969688,24.3352080533601,1.8739368239423,1.04556193768142,0.82837488626088,15.8336670736632,"mn13_110a"
"96714",96714,18.43372206732,4.85152402484469,106.872148432384,-88.921682731624,-79.7791739549973,-73.6240415766743,0.950728722483421,-0.705020271535633,0.0132701799480278,2.16335252873118,2.88294670843072,96714,19342.8,1.80135358309285,8.41332217735504,"58","lunge",5.39321347984126,21.3945049209075,2.34105692071369,1,1.37667097142151,16.0012914410662,"mn13_110a"
"96911",96911,13.359737333783,4.87811054553781,-121.657857222077,41.2929213488745,46.9729008943784,-91.2965632081245,-0.856562815882858,0.315535003063644,0.359255461779602,1.14672756607152,1.35163123470082,96911,19382.2,-0.186497880284026,3.09233488806448,"59","lunge",11.3697313621601,22.4942065241332,1.77223424313971,1.09221429648857,0.68001994665114,11.1244751619731,"mn13_110a"
"97732",97732,24.3870363370586,4.98247569603021,98.2092783434049,-84.125406154806,122.134269533921,-64.5675259937878,0.750402721004852,-0.646499737433506,0.0665195291084955,2.47133958096542,3.06984669316978,97732,19546.4,-0.0714022730567807,5.68245517082704,"60","lunge",11.7645567095124,27.4264889169001,2.57619369918592,1,1.78446434512047,15.6619322073877,"mn13_110a"
"98352",98352,17.6954141484852,4.98293877953695,108.298997906344,-76.6374630609952,30.1218597096411,-73.721354373731,0.95874328533996,-0.673998128229568,0.160103367707239,1.99127854019091,2.59146890866191,98352,19670.4,1.79298482125511,6.44702567014728,"61","lunge",3.24983729634018,19.6497630706584,2.35637545808277,1.15557708647314,1.20079837160963,16.3999257743182,"mn13_110a"
"99806",99806,13.8765554355629,4.85684827945798,84.3361267228169,-68.9806968501329,-72.6954326518064,-73.1553706023658,0.746567850494005,-0.769425074997322,0.295652071221208,2.08021251962716,NA,99806,19961.2,1.09942351625915,4.8464177729756,"62","lunge",1.44455377388712,16.3890181944391,2.18941927483353,1.13034158038632,1.05907769444721,14.944464420552,"mn13_110a"
"101493",101493,-0.0212076171075033,4.84637819720395,15.6043698604198,4.73591526267407,-23.153860639714,-73.1346498698723,0.137495147180119,0.0828484357246534,1.00002849594494,1.85645042318025,NA,101493,20298.6,0.125824947901459,2.62648874714108,"63","lunge",-0.0483476949544386,5.99902072829364,2.18141599393196,1.07163715089899,1.10977884303297,6.04736842324808,"mn13_110a"
"101740",101740,12.9353039843886,4.87991139348924,92.0082830869768,-93.047848071659,178.084706820188,-71.7530714174658,0.724468114609311,-0.698520060765677,-0.0371928516574852,1.92023982958397,NA,101740,20348,0.0692241837066109,4.1567259077682,"64","lunge",2.53307530625771,15.1877624324353,1.99384080498765,1,1.13281010081383,12.6546871261776,"mn13_110a"
"102526",102526,14.2894435221439,5.05282071028023,102.867032511594,-47.4266513195316,-78.9951687393472,-81.4395670951039,0.768727586615294,-0.451369851937652,0.414668532971289,1.59303184832838,1.40847509581466,102526,20505.2,-0.165028020247547,4.74451750116104,"65","lunge",2.91181461976939,15.832407834041,1.70257087492924,1.12706524444961,0.57550563047963,12.9205932142716,"mn13_110a"
"103150",103150,12.9879252120786,5.10080350374426,18.7629393611639,-64.27010548076,19.2690649832491,-74.1170011098519,0.185051202799413,-1.00899926041458,0.486247103090737,1.92631386281441,NA,103150,20630,1.32620747513521,5.26602401532682,"66","lunge",4.5892497725788,13.1434054039594,2.22450557016683,1.00321104321285,1.22129452695398,8.5541556313806,"mn13_110a"
"103428",103428,13.9655869333402,5.05708908041373,104.759791073325,-54.3451318672689,-20.5586820235032,-69.3447487320004,0.76147496780839,-0.476833049794075,0.342070085543636,2.08367132240726,2.4331561697579,103428,20685.6,-0.378863784282374,3.90108084186596,"66","lunge",2.02397442158339,16.7243283589591,2.12997646329644,1.10570747959851,1.02426898369793,14.7003539373757,"mn13_110a"
"103680",103680,17.1297053143747,5.12748143853841,21.8125310952817,-32.9919377932012,91.8147510903814,-78.5041899061514,0.168662553164181,-0.476639231049475,0.734186202835145,1.68858033739327,NA,103680,20736,-1.06463126442039,5.53858689390457,"67","lunge",4.84542381739297,18.1724518058588,2.20253298126309,1.07674250601055,1.12579047525254,13.3270279884658,"mn13_110a"
"104027",104027,11.9413248702399,5.24940116332135,23.0928318110989,-86.1722901052599,-54.3364613034158,-66.8490120564864,0.203518485330323,-0.993971566934299,0.0665023682729992,2.14004557397328,NA,104027,20805.4,0.16446032635143,3.47816581367057,"68","lunge",1.45661237678298,13.2195656846829,2.27422685770646,1.04127616369541,1.23295069401105,11.7629533078999,"mn13_110a"
"104394",104394,0.868631790339839,5.22282047462437,38.2065628615829,-14.6601030594642,66.5314317189058,1,0.296969636290348,-0.217004213805615,0.829523745956338,23.2100365271181,NA,104394,20878.8,-0.908005663121268,4.46104712967419,"69","lunge",0.346254631267479,3.1386485356734,23.2100365271181,23.2100365271181,0,2.79239390440592,"mn13_110a"
"104609",104609,9.91991549984673,5.26414982387534,34.1808914691942,-64.0371284957515,-51.6360605981211,-86.464274207297,0.280898705144655,-0.821413391764667,0.399971377900789,1.47542301230582,NA,104609,20921.8,-0.43321022456656,3.65799005700733,"70","lunge",2.64156939884559,11.9000160579519,1.77700278856157,1,0.796749417060218,9.25844665910631,"mn13_110a"
"104817",104817,15.5550236175629,5.25663233871246,48.4428945616718,-37.1378589883043,189.215779891349,-91.2915976793693,0.420406270732605,-0.564196661527575,0.744978030991682,1.16809864111366,NA,104817,20963.4,0.242422749944661,3.11829676594324,"71","lunge",5.16503196141562,15.5550236175629,1.79478650526355,1.04434411286175,0.7504423924018,10.3899916561473,"mn13_110a"
"105118",105118,12.4205956205565,5.33915688227799,-1.61672050939099,-57.3503949729071,-108.030306450872,-90.7809462928005,-0.013631453630382,-0.813459083581382,0.521221649007365,1.11148195868141,NA,105118,21023.6,-0.33130712305343,1.97517799804486,"72","lunge",5.05481294095253,12.5704207930554,1.38974489291881,1,0.411469681749373,7.51560785210287,"mn13_110a"
"105342",105342,0.11591387283201,5.31858208910768,17.5984786780638,-6.1381713907181,-42.5304551025723,-90.3245275842306,0.150403508326632,-0.103893295336545,0.966062439027566,1.20745292806797,NA,105342,21068.4,-0.164704700495768,2.09991910665458,"72","lunge",-0.127718796955248,3.53481852484225,1.92578919431385,1,1.22694976184655,3.6625373217975,"mn13_110a"
"105738",105738,17.685233934964,5.34979934347149,105.133505443826,-57.8213944531216,-135.69907958835,-71.8163653345291,0.958253325088145,-0.620846764074064,0.390644388653308,2.07245001576269,1.88901558889368,105738,21147.6,2.02775899082556,6.04339763327363,"73","lunge",5.93711149249574,18.5015767980204,2.21296150018382,1,1.24984208004423,12.5644653055247,"mn13_110a"
"108301",108301,13.4885403969344,5.09470439342218,126.482853235268,-110.421708005014,131.293652608991,-68.1952345148964,0.943736972898991,-0.445951848748955,-0.16604036198502,2.12412544662154,2.31264334656081,108301,21660.2,0.55820398592079,5.8012321581182,"75","lunge",-0.105808681105819,16.0093469053905,2.16505127175134,1.14116260278785,1.02388866896349,16.1151555864963,"mn13_110a"
"108549",108549,13.3162262201544,5.12963358806037,41.4816450523452,-36.6464442257174,-77.4521980150092,-88.4187057603963,0.365051269192988,-0.575389356184458,0.773451804522923,1.19495692705757,NA,108549,21709.8,0.302113290646751,2.66520856144335,"76","lunge",3.66931671365627,13.8167644891735,1.62797647664741,1,0.635591712416494,10.1474477755172,"mn13_110a"
"109645",109645,14.9889257438628,5.1812974254598,121.315276232793,-77.7390340381405,177.646081273537,-69.3221241607796,0.914927211639682,-0.502591594650188,0.109224063051588,2.11585356699652,2.33200061426039,109645,21929,0.486222270979681,4.95775141151207,"78","lunge",2.12509002639577,17.4874222789231,2.15862013507021,1.06820657442652,1.09041356064369,15.3623322525273,"mn13_110a"
"109979",109979,14.3675355516123,5.28258439868654,117.417272831215,-63.6742379025467,5.09860443340279,-74.2063524447997,0.907238005174261,-0.494232494857081,0.244541479260103,1.84088961604522,2.13739628216246,109979,21995.8,0.604794132347188,3.85623573276222,"79","lunge",2.07950038416883,16.7972716924364,1.84436544239791,1.10570089699335,0.73866454540456,14.7177713082676,"mn13_110a"
"110694",110694,16.4625400914435,5.24087150234185,-31.4507381550308,-17.1441268276463,179.932969261724,-87.9869449560695,-0.250607632619059,-0.262366297157388,0.850503729088309,1.21601743374115,NA,110694,22138.8,-0.738829102785103,4.8269324225436,"80","lunge",8.6790200708196,18.3909922115965,2.27225523769845,1.00500668152712,1.26724855617133,9.7119721407769,"mn13_110a"
"111238",111238,14.0589655137042,5.2723107577535,52.7881945427023,-58.2828156247516,-73.4585626801936,-76.905316931142,0.451634476663007,-0.774134765643472,0.478436181495614,1.83760012668923,NA,111238,22247.6,0.156440745307125,5.96213451932008,"81","lunge",3.45377848364287,15.3309401106843,2.02550398555468,1,1.07220537753099,11.8771616270414,"mn13_110a"
"111659",111659,14.2528648481336,5.28650688531123,114.760263912931,-116.355309430266,24.4259082609309,-64.8103394211187,0.879657274763313,-0.504475610153163,-0.249933604976892,2.46978558643075,2.54845563920759,111659,22331.8,0.43535896447317,5.11897004881074,"82","lunge",0.460046530407684,17.4093246413367,2.50159548277787,1.09972601432343,1.40186946845444,16.949278110929,"mn13_110a"
"112136",112136,18.3370775927454,5.28043729034279,95.021707488547,-78.4953290359721,-140.321995550322,-72.5028616273745,0.733978931255899,-0.6588042409209,0.134091169906757,1.95963813036029,2.18477166096168,112136,22427.2,-0.0455668392911314,4.86758509415946,"83","lunge",6.69979099793819,20.2722216946704,2.01696705049174,1,1.03864694204954,13.5724306967322,"mn13_110a"
"113184",113184,15.7920361537988,5.22928575566146,90.2519783028745,-79.3387665688686,-97.9214069168312,-72.9182910505443,0.793668397458733,-0.776545584407906,0.146185708080943,1.97308308040639,NA,113184,22636.8,1.17637258907037,5.07635532357638,"84","lunge",3.94081839861404,18.1624945901084,1.97308308040639,1.084829768793,0.88825331161339,14.2216761914944,"mn13_110a"
"118382",118382,21.4162460057058,5.47493742513791,52.6041469821807,-55.9993508666919,-100.15347508223,-71.9222086609492,0.455279455601155,-0.763624033827775,0.515083502163802,2.02662280514381,NA,118382,23676.4,0.269472003253284,4.6696261501879,"91","lunge",9.89154308695425,23.1036468025968,2.20476346007358,1.10242545967445,1.10233800039913,13.2121037156425,"mn13_110a"
"119011",119011,16.0536981327757,5.39069539899029,27.556463514103,-62.2857245318162,-89.5514305740521,-80.2624910015935,0.218875760136973,-0.790169059994645,0.41509920334026,1.62963705527628,NA,119011,23802.2,-0.794231458499674,3.97474373224837,"92","lunge",4.34384244193978,17.6609477205053,2.10361407217781,1.17240527569083,0.93120879648698,13.3171052785655,"mn13_110a"
"119287",119287,14.2017194526994,5.29659720949422,128.499810089033,-61.6313690160056,71.4169155182322,-79.160241247158,0.926075756520239,-0.393044553920503,0.21224037937713,1.58333708669207,1.72586983622629,119287,23857.4,0.276314172613326,4.70554553610296,"92","lunge",2.69635188920644,16.1217721639387,1.58918397291299,1.0692896535673,0.51989431934569,13.4254202747323,"mn13_110a"
"120200",120200,16.9585522004614,5.22578708616221,89.1235313621387,-51.5313043066132,-11.8488542653744,-86.1496961965224,0.74667905800286,-0.593623047977399,0.47165977757924,1.4576197213107,NA,120200,24040,0.628938375939925,3.13466546434756,"93","lunge",7.33066017528719,17.4759979803054,1.78703003253957,1,0.877703840873436,10.1453378050182,"mn13_110a"
"120608",120608,14.1460119705229,5.20975284147619,-22.7316637753952,-9.62168288773511,185.382732125303,-81.9088918375017,-0.167717247628943,-0.139455242069764,0.822615557308449,1.49214341931722,NA,120608,24121.6,-1.46077488544269,6.12437873592022,"94","lunge",5.40857358284328,15.6290995004255,2.20014107055348,1.03115280812596,1.16898826242752,10.2205259175822,"mn13_110a"
"121104",121104,14.732870333665,5.22999952017599,110.061162995072,-52.7825439315034,-64.6563462673784,-77.7458813919564,0.893610334977266,-0.49771775871784,0.378027399069035,1.73069660414793,2.23417456490667,121104,24220.8,0.887397789328592,3.69207922486617,"95","lunge",4.45451615982963,17.0357091390656,1.90011322085312,1,1.03114605232259,12.581192979236,"mn13_110a"
"121358",121358,14.2744418463665,5.22480149011747,137.987734160118,-17.5706764783705,-61.598035811026,-72.4060514458409,1.06942635064264,-0.123966539031814,0.391487105358476,1.94088237513312,2.01410393184888,121358,24271.6,1.42743398319471,8.13043599957154,"95","lunge",3.28387592487896,16.4021224357845,1.94088237513312,1,0.962120567861184,13.1182465109055,"mn13_110a"
"123266",123266,16.6340967727718,5.10913870337167,48.2018539918546,-67.5371066862927,-79.5280479493582,-82.8009683534434,0.426481759100249,-0.8810356181699,0.364268595168018,1.68163241369025,NA,123266,24653.2,0.435559395120646,5.27431380827231,"97","lunge",5.93412669510012,17.872882727028,2.22166844420876,1.05593909082712,1.16572935338164,11.9387560319279,"mn13_110a"
"124081",124081,-0.066586650959481,5.17913761599658,17.6432925690432,5.79180785408247,57.2808004682822,-86.2639210390537,0.155669692513832,0.101222676619179,0.997937865071171,1.32023430292082,NA,124081,24816.2,0.147747383150516,2.25686078925915,"97","lunge",-0.125225389867028,6.11104486787479,2.07051055690549,1.09724630087889,0.9732642560266,6.23627025774182,"mn13_110a"
"124319",124319,17.0211611297678,5.07410973616776,83.7123048382064,-70.7660981697697,72.1896554534377,-74.5975295127112,0.688556817720911,-0.725690063970761,0.253193578286448,1.83150144054195,NA,124319,24863.8,0.312955386236287,3.52685668775457,"98","lunge",4.95550374454658,18.6433423803051,1.91778961117961,1,1.03495102443213,13.6878386357585,"mn13_110a"
"124649",124649,23.3931432595499,5.16532830895247,42.251793648023,-9.90607275106306,-13.6683714598968,-81.9183388287281,0.368959131660681,-0.16427388109033,0.94065823199521,1.44354879945538,NA,124649,24929.8,0.23238392429117,2.35231251712302,"99","lunge",12.584835823386,23.6523263853707,1.89089176537924,1.07076806342758,0.82012370195166,11.0674905619847,"mn13_110a"
"124991",124991,16.8994651355562,5.14977027775622,76.2095548013249,-92.373915923169,200.251958571483,-69.8625790269552,0.672622190811897,-0.856943519495639,-0.0355257710130852,2.07722140708145,NA,124991,24998.2,0.882305590173967,4.23271527007321,"99","lunge",4.97549264796862,18.800047005142,2.1842833933267,1.02168247907486,1.16260091425184,13.8245543571734,"mn13_110a"
"125357",125357,15.0619811580336,5.15723017881601,70.6082454414237,-55.5033230940631,-70.5418175275117,-72.7790670847136,0.634107605541917,-0.737989633743141,0.507143204785475,2.07533145966061,NA,125357,25071.4,0.953508230917443,3.42370101320927,"100","lunge",5.69162958919119,16.4851605083174,2.10171505045252,1,1.10695891480745,10.7935309191262,"mn13_110a"
"125799",125799,16.6055067087925,5.13114026374407,129.327879972583,-52.4096769686879,131.093203522808,-78.0180037611072,0.959381882653383,-0.35993381828324,0.277089524145613,1.81527410851612,2.04795315128107,125799,25159.8,0.602934849838538,4.52291471061684,"100","lunge",3.22181608607371,19.7090350894905,2.18842125847798,1.08074057229202,1.10768068618596,16.4872190034168,"mn13_110a"
"126145",126145,14.855304917891,5.16660352633697,68.4803330123836,-84.2004001513628,-18.3379952326494,-68.0182109277996,0.655226271147905,-0.957756209537061,0.0972785701210526,2.26057281505994,NA,126145,25229,1.61328358460462,8.15275831745041,"101","lunge",4.70174203643325,17.3287198310906,2.26057281505994,1,1.31674691052335,12.6269777946573,"mn13_110a"
"126551",126551,19.3371751943529,5.14517577453081,42.1397841780359,-42.0306579456856,87.3219418208328,-80.3517609280057,0.31162197362252,-0.541549510136599,0.600804850230102,1.58423012925513,NA,126551,25310.2,-1.30619852066768,5.24861160732342,"101","lunge",7.28194070508606,21.2711428537609,2.00964309527031,1,1.02492714018445,13.9892021486748,"mn13_110a"
"126797",126797,14.9230084165135,5.14717285260939,46.0590173862088,-53.9464407000167,-39.3541102825949,-83.4204435623685,0.352654673850701,-0.670715806000466,0.488262142409944,1.45935194920854,NA,126797,25359.4,-0.966375578103689,5.28216162891908,"102","lunge",3.02517333840929,16.0836101217441,2.27398718237633,1.03795473933992,1.23603244303641,13.0584367833348,"mn13_110a"
"127109",127109,14.1761075768835,5.14966506474323,102.940822059878,-55.2199135839955,-11.1936700383708,-72.5089178435089,0.798057243912509,-0.521947105989423,0.36249371853234,1.98425339779615,2.29964688706869,127109,25421.8,0.19769925890784,5.00212722639315,"103","lunge",2.69241081302292,16.8091790214856,2.00093735368996,1.07456419045973,0.92637316323023,14.1167682084627,"mn13_110a"
"127474",127474,21.5265066387205,5.26797354781961,20.3825635650801,-26.6191456789407,187.306803302219,-85.4581021462418,0.175816798338013,-0.438201701499831,0.874338710400841,1.31333315691286,NA,127474,25494.8,-0.0619754823818674,2.18786749312401,"104","lunge",10.2197427097338,21.6391587116649,1.82280296943976,1.11983646984762,0.70296649959214,11.4194160019311,"mn13_110a"
"127841",127841,17.944133675346,5.30290883517884,131.939092322919,-78.2571551722864,184.873275415061,-70.219343446353,1.00700999482811,-0.439594250369306,0.0913784648773098,2.02392902800454,2.13743226569938,127841,25568.2,1.00587544428338,2.9660691300084,"105","lunge",4.75454368175703,20.0277042703364,2.19566935477567,1,1.25243249151126,15.2731605885794,"mn13_110a"
"128098",128098,15.7187019459992,5.38466952073905,91.3654398448693,-95.7761155139257,36.4575331229569,-63.1620107392909,0.733749770461878,-0.712830879871229,-0.0721065143061956,2.5445246816671,NA,128098,25619.6,0.250383652357266,8.63483065365125,"106","lunge",4.06600209602756,18.5309010623372,2.55818203736139,1,1.6288780912741,14.4648989663096,"mn13_110a"
"128359",128359,16.7303676360731,5.33131146042395,109.56888658844,-39.1569318189919,-79.6485412872125,-69.2687092304172,0.888200580987917,-0.395865135450115,0.486124213252594,2.23957709449777,2.50187911959169,128359,25671.8,0.854789841444838,6.34633743293432,"106","lunge",5.82724274957327,18.8099488700869,2.27965390704974,1.05365256774927,1.22600133930047,12.9827061205136,"mn13_110a"
"128899",128899,15.5680246894079,5.37907052802208,87.9678839687946,-79.7762429773224,-29.059647092099,-65.5270812274091,0.731482306828424,-0.745863255096745,0.134521281022996,2.35966355202254,NA,128899,25779.8,0.522850139662618,11.6870882723112,"107","lunge",4.54421976608076,18.2153267858511,2.36829854242652,1,1.36929669701071,13.6711070197703,"mn13_110a"
"129190",129190,16.9332455722848,5.29213511767395,105.423864877349,-72.6052892041894,-116.268615356788,-73.3562598289594,0.947845520860503,-0.688745629368378,0.215769973874106,2.03432404987027,2.61674971593151,129190,25838,1.87659933156539,7.69038640976161,"107","lunge",4.17533030337079,19.0876091652412,2.09495517959162,1,1.09615758661477,14.9122788618704,"mn13_110a"
"129413",129413,14.844267010834,5.40853289324447,91.5596935103992,-88.1307583304527,-12.8505734469753,-63.7175297995769,0.776339775924381,-0.755086913122173,0.024643017411416,2.47063494888293,NA,129413,25882.6,0.816568420237166,6.9466661742097,"108","lunge",4.82414246415712,17.1026933327361,2.51929157213255,1.17333395560325,1.3459576165293,12.278550868579,"mn13_110a"
"129627",129627,16.0640539692337,5.33072247982578,79.9207483608751,-52.5174562535539,167.069143041027,-70.5518857416911,0.808982010748863,-0.76613189884741,0.587502918694373,2.10111613053331,NA,129627,25925.4,2.5457187510345,9.39184748620766,"108","lunge",3.86029392113955,16.902460504736,2.16066421115432,1.09823613415409,1.06242807700023,13.0421665835964,"mn13_110a"
"130089",130089,16.7770285104656,5.396658336568,113.026762774689,-66.4436622157071,78.8902565081563,-72.7990206173803,0.831178780100895,-0.504044421488911,0.219754323151158,2.03800457447704,2.22134854556995,130089,26017.8,-0.0333458283660994,5.82457246542258,"109","lunge",4.8008247598418,19.9559969634953,2.13767381690824,1,1.15926819815915,15.1551722036535,"mn13_110a"
"130803",130803,21.54274698437,5.31160793908901,10.4121675945056,-28.4737820295399,55.7741320350409,-86.6725087533617,0.0840133878590027,-0.439601492884867,0.810529482929376,1.287961024664,NA,130803,26160.6,-0.7268053999625,4.2901885122406,"110","lunge",10.7049315422418,21.8602114763071,1.92463297178355,1,1.01297549506522,11.1552799340653,"mn13_110a"
"131076",131076,25.7385158159515,5.21134697655395,112.958130640295,-51.4921345865792,-33.6759535445587,-69.7115234361977,0.831271590319214,-0.430891080691773,0.342842830185855,2.19377480434328,2.52513685380235,131076,26215.2,-0.0283784226793772,6.70214974103892,"110","lunge",14.5837289617996,29.0151256365524,2.33300252027534,1,1.48325439350182,14.4313966747528,"mn13_110a"
"132587",132587,18.6756612355602,5.24314095571886,32.3501612290827,-32.6747812709788,-142.905917989289,-73.4342557368506,0.254660354061266,-0.47399052263658,0.739031426104712,2.02145354157917,NA,132587,26517.4,-0.841814343125342,3.92152336762783,"111","lunge",9.28394254074585,20.7047378312128,2.09794166097312,1.04909730826727,1.04884435270585,11.420795290467,"mn13_110a"
"133231",133231,19.2063187936243,5.18315076357797,2.00214309469535,4.89011314657687,-23.7446916121271,-81.2555686307079,0.0157988577096188,0.0770739989919269,0.900855842637937,1.54777836105363,NA,133231,26646.2,-0.938644083770333,4.65229201780665,"112","lunge",16.1750344174213,20.2569182490731,1.67489462740857,1,0.681736623193667,4.0818838316518,"mn13_110a"
"133817",133817,22.3512834100599,5.08154706579549,37.8201148086669,-57.074216232595,174.644192752356,-90.3914966471951,0.308766164804353,-0.75654231855605,0.489912254027405,1.09660089559144,NA,133817,26763.4,-0.463496589366808,5.4238383770412,"112","lunge",12.8998064831299,22.9142695824479,1.94285383286875,1,1.23008097628586,10.014463099318,"mn13_110a"
"135565",135565,17.5369582996374,5.02193811332857,73.8674211488781,-16.288062195527,5.09707338989842,-68.812766983808,0.50899183633489,-0.189899370809958,0.649907838314072,2.4091702447675,2.28640157028193,135565,27113,-1.4998058085354,13.0100827391701,"114","lunge",4.96527654310586,20.8402955117075,2.48623604688063,1.22126995668672,1.26496609019391,15.8750189686016,"mn13_110a"
"135921",135921,20.3165753218989,5.00004068255875,103.65998612437,-54.3306139362229,23.0610413947965,-69.6865842869389,0.766375757304157,-0.489410358008337,0.351280647298081,2.13994134085211,2.17707092539784,135921,27184.2,-0.247040292986662,5.73922045227019,"115","lunge",7.84094564370087,22.3690558387113,2.19195235369261,1,1.34921029737134,14.5281101950104,"mn13_110a"
"136230",136230,20.104717172044,5.06907176780706,119.025117624124,-58.4544423070512,131.708697249339,-69.8477880341592,0.848979257304263,-0.425972774213192,0.261502575390023,2.16591152408827,2.23365236517039,136230,27246,-0.145222329138566,5.00410070030181,"116","lunge",6.01582625166686,22.6573132148765,2.1974477834989,1.10195945166528,1.09548833183362,16.6414869632096,"mn13_110a"
"136537",136537,16.368828523628,5.15185290756406,101.851134519361,-48.4759754333468,-34.3796738327695,-74.6585931099127,0.836655820537403,-0.50858586016687,0.450339076996484,1.96759179212809,2.15412901703859,136537,27307.4,0.762070127878242,5.1848546146002,"117","lunge",5.65691402133672,19.0950231338429,2.1738604980849,1.00088499140111,1.17297550668379,13.4381091125062,"mn13_110a"
"136769",136769,15.7624952215653,5.22832634995365,53.7341776679996,-88.6244872793081,-144.060262846025,-64.4694894637121,0.449515220531509,-0.887050048230228,0.0212997030370999,2.39933544212413,NA,136769,27353.8,-0.0522349866377392,5.25713626557545,"118","lunge",5.95526617365126,17.4465046061873,2.39933544212413,1.07790340669982,1.32143203542431,11.491238432536,"mn13_110a"
"137011",137011,17.5881386441622,5.22031431934498,69.6013418768745,-43.5504071445069,171.965249238437,-65.7206312229539,0.49399110366408,-0.489696087990695,0.515123621192041,2.5327590844033,NA,137011,27402.2,-1.31847570134318,10.5701520526691,"118","lunge",3.85820910500778,21.3918592025601,2.61579150399352,1,1.62031674740138,17.5336500975523,"mn13_110a"
"137349",137349,16.6710569847731,5.32828982866056,117.359921676448,-90.9766789851178,188.829384402523,-66.2488954830609,0.907935185259179,-0.55238801327174,-0.00941706405783202,2.31948351688069,2.78716795350989,137349,27469.8,0.615966772081395,4.5632805250475,"119","lunge",1.97852133045402,19.6239778343019,2.43969030661075,1.05060869303204,1.38908161357871,17.6454565038479,"mn13_110a"
"137675",137675,15.4482830430603,5.37079024279025,70.7676205734412,-93.3017384739511,-153.389952656941,-66.4364458684858,0.608118779043204,-0.854797257080103,-0.0493133223465164,2.28720639839726,NA,137675,27535,0.492287124915724,9.10438293397544,"120","lunge",4.1461053517507,18.1735523099747,2.28720639839726,1.09533244508202,1.19187395331524,14.027446958224,"mn13_110a"
"137983",137983,16.7914814104852,5.29168762649246,148.592944151853,-59.7138581513599,113.173020922743,-71.3614464863326,1.05936970871864,-0.257195060006736,0.150209220238437,2.1347006001478,2.2986987572706,137983,27596.6,0.985015995023368,6.42936923359134,"120","lunge",3.2299944737268,20.5206687102345,2.24964394755609,1.10212832016987,1.14751562738622,17.2906742365077,"mn13_110a"
"138359",138359,16.9196136071423,5.3605119719987,79.8179698201239,-61.9067686347748,-81.3869878840137,-70.1081296622254,0.625140908032342,-0.659362545311181,0.351966716095111,2.33675932193662,NA,138359,27671.8,-0.251124060419118,4.99291717494086,"121","lunge",3.53711386127629,20.7399624495145,2.40002350836982,1.05177849304428,1.34824501532554,17.2028485882382,"mn13_110a"
"138557",138557,14.2780687588038,5.42751373752077,39.5210668964346,-59.4923553203194,166.558825724359,-68.8229004438062,0.295668291504682,-0.709089714800728,0.41781321016472,2.12817578824681,NA,138557,27711.4,-1.23047895086798,5.82717922613204,"122","lunge",4.28505809687353,16.1870620093392,2.24599016914726,1.04347093665009,1.20251923249717,11.9020039124657,"mn13_110a"
"138831",138831,17.0612304335024,5.49369712886107,75.7419113029042,-74.0726916029244,-123.001200413395,-73.4698882808469,0.558471345536324,-0.690569862076691,0.19706989634722,2.06651914824033,NA,138831,27766.2,-0.885220158233343,3.17877274372874,"123","lunge",3.11809634334713,20.2919661351943,2.1402134250278,1.15467250210879,0.98554092291901,17.1738697918472,"mn13_110a"
"139110",139110,17.2937410033629,5.48222168490575,74.95764183916,-66.7028783753074,-101.005542245765,-74.4489373699707,0.628766865904595,-0.753190451568063,0.324330200070815,1.93092265411344,NA,139110,27822,0.327153721025181,3.78251332644214,"124","lunge",3.51041719282694,19.3379199014961,2.14313763879578,1.04970482825989,1.09343281053589,15.8275027086692,"mn13_110a"
"139342",139342,16.0165949709273,5.539437450832,52.0748874011279,-73.9779019149381,-139.121949093907,-65.7299781808742,0.389186596723931,-0.765684223229889,0.219876047188601,2.49771596786344,NA,139342,27868.4,-1.11193887473785,8.8823151113234,"125","lunge",4.14148861651875,19.2891647091011,2.50826700029905,1.09740457690416,1.41086242339489,15.1476760925824,"mn13_110a"
"139615",139615,15.860032874486,5.50361881680604,140.745919295367,-82.7540647591215,93.2754739050522,-74.7120951361559,1.0020185404322,-0.354481980702666,0.0450702488291038,1.83807335822282,2.11882054421182,139615,27923,0.625938596974373,5.44475436093803,"125","lunge",3.19384414308379,18.7106710911085,1.84972256598782,1.24114717402898,0.60857539195884,15.5168269480247,"mn13_110a"
"139886",139886,14.3848251439435,5.43108654083809,36.6290603897742,-62.0654472008064,-12.06248256428,-65.6391870892874,0.300662151368276,-0.802508131568307,0.425526016284483,2.65468628420124,NA,139886,27977.2,-0.423528484617438,8.01686964654942,"126","lunge",4.43413256598735,17.5903051773284,2.71763473446481,1,1.75202690130259,13.156172611341,"mn13_110a"
"140190",140190,16.7141421112606,5.40924242174162,82.6916597946452,-84.6023157926452,-88.2119768782515,-62.8201856476721,0.642079809165696,-0.726450552999732,0.0686401711558567,2.64878009148048,NA,140190,28038,-0.274967777184393,5.3066390621995,"126","lunge",4.1901553612118,20.088377897399,2.69233110610036,1.02875032640507,1.66358077969529,15.8982225361872,"mn13_110a"
"140449",140449,16.4175769412012,5.35019201138907,97.0023898416424,-46.1654156004508,122.220389835125,-73.2567146953351,0.675914314515274,-0.431343471686479,0.414143605497907,2.08167439218431,2.13914618671105,140449,28089.8,-0.956550282331149,4.77938173793512,"126","lunge",1.85447920438573,19.6929910826354,2.16503711420228,1.1601649532809,1.00487216092138,17.8385118782497,"mn13_110a"
"140778",140778,14.8572703229725,5.34247210113416,46.3697749469004,-60.6403346622408,-87.5660743625735,-68.1858230430927,0.357812922640763,-0.728142908268035,0.409612369946145,2.41211544856196,NA,140778,28155.6,-0.893896899281135,6.31616610452546,"127","lunge",2.4580663689447,18.1877172179496,2.45522625740639,1.11474828725014,1.34047797015625,15.7296508490049,"mn13_110a"
"141067",141067,16.6452859947706,5.40573644098168,127.570770714648,-87.272620479405,123.740756690537,-71.1834017111229,0.820580961260401,-0.403578238711107,0.019225554895912,2.06825428193075,2.28035862704552,141067,28213.4,-0.836925161982392,4.87480096542283,"128","lunge",2.14686857143985,19.8321281138426,2.15731524023365,1.11235417878858,1.04496106144507,17.6852595424028,"mn13_110a"
"141356",141356,17.4859409742653,5.38709245385463,76.3564268457764,-73.6441906381494,-110.534202187844,-70.1908808350305,0.584615756356428,-0.713407480202669,0.209369481918789,2.29349897073222,NA,141356,28271.2,-0.531397275612478,10.6175177143084,"129","lunge",3.76650888806609,20.9166210623182,2.33193301122678,1.10575224789103,1.22618076333575,17.1501121742521,"mn13_110a"
"141615",141615,16.1197787196636,5.434729508739,45.8095150587172,-68.0962951449394,-91.7579579479415,-76.8208365877809,0.398648717598131,-0.875404776282809,0.351976218312192,1.93223536445294,NA,141615,28323,0.238067463116052,4.75518409430486,"130","lunge",5.5766117539729,18.0823698659072,2.0722354119379,1.0373331134271,1.0349022985108,12.5057581119343,"mn13_110a"
"141933",141933,17.1513115193113,5.48934183926656,83.5727618194529,-76.0870113295929,-141.105525818526,-78.8128312137669,0.622450546535724,-0.676072073528149,0.167473581001783,1.80629541414038,NA,141933,28386.6,-0.646138963244488,5.03068188165878,"131","lunge",4.16642641046332,19.9203847012989,2.02910054661598,1.12638358490552,0.90271696171046,15.7539582908356,"mn13_110a"
"142197",142197,16.2014257780506,5.49771067270851,51.9044309815481,-53.5382307127882,-33.382843011162,-75.5502256079873,0.435542520947301,-0.719716841289813,0.531819634296475,1.91967899171075,NA,142197,28439.4,-0.046585626862419,3.83564367044,"132","lunge",4.96420444924871,17.8408828068942,2.18377850389648,1,1.33294387698565,12.8766783576455,"mn13_110a"
"142512",142512,19.0705680300693,5.44819546047189,105.692129824059,-91.1580022946554,-87.4739157641822,-66.459848829344,0.783383725221507,-0.593507277410036,-0.0119969811265881,2.35305573291473,2.54857163794689,142512,28502.4,-0.167731295241827,3.95663149169632,"132","lunge",3.70883099905168,22.1154042009173,2.35447414034702,1.17979050231092,1.1746836380361,18.4065732018656,"mn13_110a"
"142915",142915,13.0358024976083,5.40675740329247,48.1868295398884,-94.8067663165836,-59.7032722548823,-63.3705697220467,0.412532389363395,-0.919267647049424,-0.0773023881189598,2.54636501459754,NA,142915,28583,0.103461787305564,6.25312208839397,"133","lunge",4.29373928040067,15.7022106588272,2.58700178230488,1.08829677199934,1.49870501030554,11.4084713784265,"mn13_110a"
"143142",143142,16.3665200484741,5.31631092386429,106.488534955377,-144.974873450412,-152.052258283382,-64.2330862682195,0.90598267122782,-0.388365326128387,-0.554125802426456,2.40790920863351,2.49063088425797,143142,28628.4,1.28261872574535,6.23384453633634,"133","lunge",2.67293636080488,19.1097889845658,2.45974287971463,1.10023532471016,1.35950755500447,16.4368526237609,"mn13_110a"
"143382",143382,13.905508104163,5.40218105404526,26.2682142592779,-59.4259552213513,-96.182463168931,-73.3271767117002,0.197759773343003,-0.729705405301811,0.431100519797527,2.0915275593156,NA,143382,28676.4,-1.27189729458271,6.98457517093422,"134","lunge",4.22539549447298,16.3174609971073,2.31828907637232,1,1.330608490283,12.0920655026343,"mn13_110a"
"144126",144126,15.936633576019,5.23601610986412,103.865121666772,-75.1928849063534,167.663089486023,-80.3248236737063,0.845856905799299,-0.640461427594911,0.169302296874792,1.75656025127815,2.09350226020314,144126,28825.2,0.729581230095519,5.02445175299576,"134","lunge",2.10580255605089,18.6283921539334,2.22914701597818,1.11758133746811,1.11156567851007,16.5225895978825,"mn13_110a"
"144346",144346,12.1705248009729,5.26904407651786,50.833132998008,-83.2016211628185,-8.49280317276823,-63.5615839644907,0.431417302734764,-0.90150168373912,0.107471697299649,2.6237336788353,NA,144346,28869.2,0.0507472672911063,6.70288922871598,"135","lunge",4.63932758034029,13.9070287850759,2.6237336788353,1,1.62525285141733,9.26770120473561,"mn13_110a"
"144615",144615,16.6035063686781,5.29291573865584,68.8156822206906,-84.9568935826137,195.632229450956,-71.4389620752564,0.557881723196527,-0.811373402074493,0.0716011235096361,1.9679644064057,NA,144615,28923,-0.124920689036249,4.1713406530226,"136","lunge",4.2761720163724,18.6330691168695,2.11030889946745,1.20161645759204,0.90869244187541,14.3568971004971,"mn13_110a"
"144840",144840,17.1126550215651,5.31930557682384,46.3055607640724,-78.9432824620877,-137.414591412711,-74.1635150187386,0.397398100054219,-0.912063596274179,0.178224356630812,1.81616149261985,NA,144840,28968,0.10509942427394,5.3730960671324,"137","lunge",6.86625866317206,18.3924627876994,1.9253000689681,1.10840504966803,0.81689501930007,11.5262041245273,"mn13_110a"
"145063",145063,17.923032093181,5.37587211278282,62.0678465711176,-23.3257233934462,81.9395445671968,-85.0026614225958,0.539084398525639,-0.354772273031722,0.822755027419343,1.37102776339585,NA,145063,29012.6,0.447754542057772,5.48773523856255,"138","lunge",5.65726165759257,18.2475293905872,2.07667925373641,1.00891883691921,1.0677604168172,12.5902677329946,"mn13_110a"
"145328",145328,15.0295434350569,5.41461578694651,37.5837137479661,-71.9222875834936,-147.612544228008,-68.2946556369931,0.297824126789115,-0.832054456980534,0.271599122815697,2.43850247596327,NA,145328,29065.6,-0.739979569423388,5.10174558840726,"139","lunge",4.67668715020999,18.6612774644988,2.55589328601226,1.0348847582513,1.52100852776096,13.9845903142888,"mn13_110a"
"145643",145643,14.33725753638,5.45747261860217,53.6844939645517,-55.4184755219453,-108.992694274644,-67.6239018371536,0.407496848405535,-0.662962147741714,0.457031507203358,2.31998093815161,NA,145643,29128.6,-0.956452416931525,6.34970823479952,"140","lunge",4.7514260540106,17.2829077151506,2.33780384111081,1,1.56555636566588,12.53148166114,"mn13_110a"
"146098",146098,15.6453561792117,5.3997497188242,42.3950942725001,-63.1318888294349,191.9229172528,-66.3024091319423,0.332638003728108,-0.765111383134537,0.387627873391122,2.55935815434945,NA,146098,29219.6,-0.785071177435133,5.51909215831,"141","lunge",3.7059295696924,19.2131772049415,2.57730207277398,1.04223863490254,1.53506343787144,15.5072476352491,"mn13_110a"
"146542",146542,16.5950387573702,5.38669035238985,74.3062434592241,-38.3699397839989,7.25507983761602,-66.2185839768129,0.565517418916779,-0.463261157444868,0.585120482409324,2.62176120691583,NA,146542,29308.4,-0.624007334337304,5.45810939536387,"142","lunge",5.01214062354273,20.4413994418763,2.63229429259611,1.02636450318228,1.60592978941383,15.4292588183336,"mn13_110a"
"147376",147376,21.1992329573603,5.2872000769635,67.0548944033312,-37.8720967082606,191.573357936725,-77.2682100856832,0.645659823909053,-0.598228568860855,0.769230992817866,1.83568897983853,NA,147376,29475.2,1.65694361211944,5.01192101295718,"143","lunge",9.03965163703312,21.8645942668242,2.3174297603043,1.0643304909807,1.2530992693236,12.8249426297911,"mn13_110a"
"147743",147743,18.7588309642698,5.25620332999397,61.0564293880689,-27.7969474299485,147.116804071223,-65.8995680732021,0.454893399113619,-0.359728172904116,0.682373309949149,2.63431866333386,NA,147743,29548.6,-1.02454608235054,5.76161485745183,"143","lunge",5.8079873477997,22.1617851620685,2.66212019871984,1.00324202325216,1.65887817546768,16.3537978142688,"mn13_110a"
"148183",148183,16.520719627892,5.24627420851843,62.0136498056682,-60.9840297508496,-109.333983078191,-78.3300900398656,0.550120335949915,-0.800421825790645,0.443972763118088,1.77918289248853,NA,148183,29636.6,0.665912342937557,4.17419358484903,"144","lunge",7.10234572210822,18.6464424338985,2.02914324949432,1.14145287105665,0.88769037843767,11.5440967117903,"mn13_110a"
"148330",148330,19.0574419158421,5.1874922142206,80.3076954994392,-54.6627430814943,-115.00915926418,-70.9290868398492,0.777679108663252,-0.751939729436841,0.53313741880334,2.08031996145093,NA,148330,29666,2.02016038642802,8.11492317933275,"144","lunge",7.05111679664154,19.8679679241633,2.3984999789523,1.01428856012221,1.38421141883009,12.8168511275218,"mn13_110a"
"148949",148949,17.5793868206341,5.2305601359526,129.35336683013,-91.1307301336402,-152.426598225411,-72.0802985765161,0.94441044741751,-0.446804046229224,-0.00881880658372501,1.94085075808901,2.04459657588311,148949,29789.8,0.43941150841172,4.47355966003078,"145","lunge",5.15507538375817,19.9995349505596,1.96968225673349,1,1.03248751138612,14.8444595668014,"mn13_110a"
"149309",149309,20.5347301827372,5.21720067469299,90.1242673965284,-54.3872001324447,-68.0476632071513,-67.622371174709,0.683180925409229,-0.554202769424124,0.396957510694455,2.22871957312402,NA,149309,29861.8,-0.342078624534555,8.46635057951601,"146","lunge",6.88870952488628,22.5635607152031,2.47710382980982,1.15120828227637,1.32589554753345,15.6748511903168,"mn13_110a"
"149507",149507,19.5232873808325,5.23079209307173,-27.7688682052798,13.1377519014926,71.0774886229843,-83.5165125251261,-0.252538761715148,0.232214345272859,0.994911667635861,1.41846218309365,NA,149507,29901.4,0.513881481092304,5.58263473385325,"146","lunge",17.5064257342375,21.8669127994758,2.0187044132194,1.07155424174429,0.94715017147511,4.3604870652383,"mn13_110a"
"150072",150072,17.4241868063266,5.21769515138328,112.851564698214,-14.1428976600071,21.910902199903,-71.9769676014133,0.766487586464664,-0.124310026436486,0.493335392404917,2.12903200698466,1.79183292050408,150072,30014.4,-0.784873041885935,3.44752639809945,"147","lunge",5.34852167252855,20.6110724457963,2.17272461242233,1.04318804429336,1.12953656812897,15.2625507732677,"mn13_110a"
"150472",150472,20.9898009444449,5.19356877255156,173.852987657955,-33.4837399015801,87.5235679596877,-64.6056104212003,1.0740878017419,-0.0318178858598117,0.0481012354594335,2.45817091944098,2.29021067586481,150472,30094.4,0.741726243249442,5.55911390765427,"148","lunge",6.77799799625021,23.4935614128157,2.61811732155779,1.14458242387892,1.47353489767887,16.7155634165655,"mn13_110a"
"150822",150822,20.1790452308694,5.24464639069146,113.299676571773,-28.2356535523408,5.82822495468146,-67.3299067101995,0.774817203538705,-0.241248064077544,0.449254242140839,2.24814896439255,2.04764980593684,150822,30164.4,-0.710371799657864,5.68593833295318,"149","lunge",9.69720822535299,22.7658266070379,2.30841355417612,1,1.53682266141881,13.0686183816849,"mn13_110a"
"151453",151453,22.5881570393483,5.17956493165481,50.9765738464307,-5.51435098524878,98.0845487380641,-66.735768970839,0.371213606245039,-0.0748268406090535,0.775071554571362,2.4322405625558,NA,151453,30290.6,-1.34711680037261,3.63707475487411,"149","lunge",16.1153491097724,24.8314877932829,2.6493138358452,1.7288097848068,0.9205040510384,8.7161386835105,"mn13_110a"
"151877",151877,27.1278090919722,5.07724994629513,97.3710200081802,-23.1129174051024,61.578869802859,-65.0206721961466,0.612246127532004,-0.211246150222682,0.494950429997823,2.60315750461252,2.4300619792911,151877,30375.4,-1.81289963555826,16.2506819182953,"149","lunge",13.5626142366148,30.8558506062629,2.60315750461252,1.02415072975881,1.57900677485371,17.2932363696481,"mn13_110a"
"152392",152392,19.6927811341473,5.24073543181105,93.9264947347228,-83.2292564901093,-131.070190033987,-76.0337148895055,0.701077053760281,-0.650040871950725,0.0771760567805581,1.93202296239112,2.41095343171757,152392,30478.4,-0.400348135094648,6.04580884386632,"150","lunge",5.45241508571402,22.7395848498176,1.97599806498726,1.08784582166647,0.88815224332079,17.2871697641036,"mn13_110a"
"152924",152924,24.1757175281851,5.25744683488804,68.8092421306734,-34.6885839809731,-155.793269598749,-84.1878073519582,0.558985736247998,-0.464533207680231,0.671156831871469,1.61452889253798,NA,152924,30584.8,-0.104965069761125,5.15796815858454,"151","lunge",8.23141067337667,25.2319624367863,2.40919395840187,1.05941851853277,1.3497754398691,17.0005517634096,"mn13_110a"
"153655",153655,19.1078896687857,5.20273102826319,37.5545663493062,-64.5025518036853,-55.7952419506699,-72.5734695391784,0.291396291646894,-0.773608498482296,0.368950033477042,2.09348789755975,NA,153655,30731,-0.929025866811329,5.7724003320305,"152","lunge",8.06606912493619,21.6845340594568,2.4520595269701,1.10967295713966,1.34238656983044,13.6184649345206,"mn13_110a"
"154889",154889,19.3183174261554,5.04923604288653,92.7313289556026,-60.6991836734321,198.282743745551,-71.2066218486761,0.648302816398042,-0.539031890314573,0.302500687722604,2.00945377619461,2.14156890650228,154889,30977.8,-1.02239513362752,3.40447331856518,"153","lunge",7.16857741878314,22.0240831706172,2.01518528090144,1.07875593551911,0.93642934538233,14.8555057518341,"mn13_110a"
"156448",156448,4.14718931670665,4.92344789425172,-48.3429278415999,11.4518202393661,35.9496581286626,-70.4655836987612,-0.362777080888241,0.160481415345986,0.792200576403766,2.15865940649581,NA,156448,31289.6,-1.11825004453805,10.1817308877337,"155","lunge",3.38375548339162,18.7795908415689,2.31334236822493,1.61478426536831,0.69855810285662,15.3958353581773,"mn13_110a"
"157480",157480,19.0273697837135,4.98090240436606,53.740189412873,-61.0893842309919,-125.070296899901,-75.0522116812664,0.413949072714426,-0.715176787921568,0.394971703300613,1.93947140634621,NA,157480,31496,-0.824945330193137,4.7770976301889,"155","lunge",8.46662666191775,21.1933504246453,1.93992003354519,1,1.06314243324397,12.7267237627275,"mn13_110a"
"158118",158118,18.5167863262679,5.07951295160923,51.8302461631401,-47.4112805675773,-63.6307229826738,-74.4778709729051,0.437513458245003,-0.662915399463281,0.609341124352807,2.00343223149221,NA,158118,31623.6,0.0106415944983901,5.10798190665179,"156","lunge",7.91500388553333,20.0820256418915,2.18752839792234,1,1.24333440489665,12.1670217563582,"mn13_110a"
"158638",158638,23.1712225549491,5.03878255789908,65.1826318010484,-33.7074104222241,-19.052422496359,-82.672200304597,0.561355691198893,-0.487281513905968,0.730443127842188,1.37892081094535,NA,158638,31727.6,0.413510390514312,3.54544568880239,"156","lunge",9.82977861928234,24.0811965115696,2.07461827141444,1,1.1598409175296,14.2514178922873,"mn13_110a"
"159788",159788,15.5687921909896,5.04053957619541,84.7296416675419,-50.708160029302,-34.5769355909379,-80.6734452497257,0.668015431995955,-0.566883067325086,0.463853608290891,1.68691831628464,NA,159788,31957.6,-0.0848949044194491,2.2077071135929,"157","lunge",7.15797370036885,17.8573087720139,2.03675966989514,1.00441580969544,1.0323438601997,10.6993350716451,"mn13_110a"
"160209",160209,17.7877981992853,4.98869123525789,52.5088730193453,-35.6587206045389,-82.2160009280321,-68.5167513239374,0.391083570085013,-0.462216620120785,0.644221416002836,2.21920714513875,NA,160209,32041.8,-1.13670728449084,4.3364098329698,"157","lunge",7.62185618119508,19.5628065195242,2.22347067727506,1,1.29350904585127,11.9409503383291,"mn13_110a"
"160331",160331,-0.0174768328729424,5.04442975422896,19.996880427392,1.73041098327052,-72.4773486184687,-80.5228603912171,0.179727125971479,0.0307839685547414,1.01898057429204,1.22975272400072,NA,160331,32066.2,0.344871338863729,1.86878635064072,"157","lunge",-0.0489863613326609,6.42031531872713,1.84100262122229,1,1.12528843340062,6.46930168005979,"mn13_110a"
"160477",160477,16.0057173205898,5.03599970819813,88.0739827994054,-37.4928272410299,-32.1359791833082,-73.7588134404672,0.718313971506919,-0.452160151268935,0.589419349758051,1.90420364970024,NA,160477,32095.4,0.327178524476051,2.61033369382962,"158","lunge",7.56724493657655,17.6504489875279,2.06416019947078,1,1.24399186697503,10.0832040509513,"mn13_110a"
"160889",160889,18.2233004406015,5.08601708368499,169.417991619617,-14.5352432064358,0.847631904311223,-74.7084027686743,1.00089441717758,-0.0232633360059459,0.0897249298206001,1.8664209513253,1.70772728031913,160889,32177.8,0.0507718506805554,5.58068951812795,"158","lunge",7.06206607576659,21.0269402606348,1.97457585707889,1.10548571036303,0.86909014671586,13.9648741848682,"mn13_110a"
"161251",161251,15.5458041033744,5.11351172319799,133.244322059645,-40.4403780128507,22.822700621403,-81.7788725255473,0.957600530642722,-0.268512027826873,0.315050458207399,1.55205285580913,1.67596632153862,161251,32250.2,0.424061067663704,2.92719364727399,"159","lunge",2.97895562400692,17.4707814386593,1.89259056943543,1.11308375942859,0.77950681000684,14.4918258146524,"mn13_110a"
"161537",161537,18.6458263486847,5.16458596056572,133.864688674069,-38.796637585082,14.2071369139594,-65.4831482415676,0.907930629714242,-0.24226468751954,0.301352714939044,2.42354142928327,2.40130171143163,161537,32307.4,-0.129102814311334,6.31934469493136,"160","lunge",5.05830093950555,21.1207079709415,2.50650354019705,1,1.58102048020969,16.0624070314359,"mn13_110a"
"161870",161870,-0.0447590974724577,5.21635787501448,11.1425074625656,13.1150843277042,-38.7355862040656,-98.6187431040139,0.088457084528172,0.205768935222815,0.883185961804147,0.898622972708174,NA,161870,32374,-0.871382033904117,6.32871556184065,"161","lunge",-0.0622740215640221,5.67762364448718,2.1434202830503,1,1.34196297990539,5.7398976660512,"mn13_110a"
"162304",162304,17.762800305865,5.26275915053802,66.5758607842233,-49.2765857819302,-55.4188978434622,-72.6210237489189,0.47072649791288,-0.543347008293435,0.467738607578683,2.11968944676813,NA,162304,32460.8,-1.39583204295291,5.18596962371054,"162","lunge",4.51514698006258,20.8343956254213,2.23684404401998,1.07329543892146,1.16354860509852,16.3192486453587,"mn13_110a"
"162728",162728,20.2622480084523,5.32506140144741,138.880087830125,-3.34615860333192,23.8298359400633,-67.7026158423533,0.867788342736405,-0.0189981898667647,0.324933273963309,2.35560194460082,2.09095050692084,162728,32545.6,-0.717630230331813,7.2777840291754,"163","lunge",7.54845263277845,23.9876767058518,2.36603648348352,1,1.43151949772569,16.4392240730734,"mn13_110a"
"163043",163043,18.9490193069631,5.25730785933762,89.7966459387042,-47.9448953819397,147.459822957788,-70.9808068727615,0.667725447112976,-0.497549548144377,0.448862849145529,2.18626257765043,2.30593208969325,163043,32608.6,-0.529690324873098,7.03475219741432,"164","lunge",5.48706716627667,22.3020421585791,2.1928011674344,1,1.24397778888339,16.8149749923024,"mn13_110a"
"163304",163304,21.5945126784934,5.23760473526002,143.723555317818,-63.803150098518,30.0854727241933,-75.8673934575991,1.06060486466412,-0.311754032944449,0.15338071238662,1.80030548385747,1.69173813042483,163304,32660.8,1.13819923139847,3.2214427938133,"165","lunge",6.50185305207276,22.7815154653441,2.17182547601723,1,1.18167620292992,16.2796624132713,"mn13_110a"
"163780",163780,14.7423484668827,5.24232098629416,90.8935407341876,-89.7869632729159,-56.081285009268,-68.1884822203249,0.744626707125886,-0.73309863483392,0.00272581427181931,2.25086761455697,NA,163780,32756,0.440759501343224,7.24104824201156,"166","lunge",4.14841349466983,18.0327777992653,2.37845790962191,1.03389277716633,1.34456513245558,13.8843643045955,"mn13_110a"
"163953",163953,17.1623552193146,5.1906565115985,77.8720224432403,-49.6309671190817,-93.0987816093904,-76.9200892625195,0.78236447964997,-0.737773903762875,0.627207552578957,1.66035714536239,NA,163953,32790.6,2.40171875762025,7.19584224970781,"166","lunge",5.40451726838575,17.4484204388439,2.10512928109595,1,1.13138772561532,12.0439031704582,"mn13_110a"
"164381",164381,14.633959339233,5.23585851423891,73.2332862843259,-94.7137593984016,-91.0016691618885,-78.3267843677629,0.639749575191177,-0.857989136035631,-0.0707469875980769,1.69207223415618,NA,164381,32876.2,0.711776514876905,2.88934683263673,"167","lunge",3.36671330109469,16.4407988768385,1.82750589161085,1,0.907832995879954,13.0740855757438,"mn13_110a"
"164946",164946,16.8129944025518,5.23074182486852,78.4717060713244,-71.0222566617751,-99.9201343429649,-77.5723357836314,0.587572369627617,-0.680405912122451,0.233986941850467,1.78224206889122,NA,164946,32989.2,-0.696787389717331,6.49994693197543,"168","lunge",3.71597328517516,19.1553144376147,2.05101689821458,1.04035941021919,1.01065748799539,15.4393411524395,"mn13_110a"
"165206",165206,18.4151813807534,5.25645117544346,129.728327352607,-42.4333314760355,50.5163812034535,-69.8918821861773,0.888686002682067,-0.281342236858075,0.307749330272823,1.9991825340284,1.89416566183324,165206,33041.2,-0.180006006500344,4.76640574102805,"169","lunge",7.21572425109689,20.5762226138186,2.04368520112687,1.04764244155376,0.99604275957311,13.3604983627217,"mn13_110a"
"165830",165830,23.8736558534697,5.23528375091385,29.5537799581376,0.84386012297713,-54.9484205209593,-84.2382100096554,0.255235378652153,0.0142505372673856,0.96750229165612,1.4640961581476,NA,165830,33166,0.00690567040698923,3.31550480837159,"170","lunge",14.251065105945,24.0707070678039,2.00319733180169,1.31463797962484,0.68855935217685,9.8196419618589,"mn13_110a"
"165883",165883,16.1380589489798,5.18781775499716,72.9265693606998,-81.5084327965115,-113.518887322456,-79.6022518480932,0.590976468352009,-0.790963166659457,0.118091225717803,1.56797145684091,NA,165883,33176.6,-0.0549660823018963,4.09763136182169,"170","lunge",1.97586062842532,17.9743780203898,1.89457488831778,1.12459769287538,0.7699771954424,15.9985173919645,"mn13_110a"
"166664",166664,27.0006919247791,5.11839532688283,88.8492122343637,-21.4737152059122,-6.64184117190562,-75.5356113938046,0.775584922725785,-0.289682372279827,0.736392055709068,1.920727397384,NA,166664,33332.8,1.05937092576333,5.57558416280322,"171","lunge",14.2384829552989,27.6479807550777,2.42549236955132,1.01174650551878,1.41374586403254,13.4094977997788,"mn13_110a"
"166873",166873,18.357649068781,5.0550025782746,112.83275806431,-84.0101856473279,147.360882976368,-68.4651254708147,0.876871138365708,-0.579051829033619,0.0607567246187967,2.29859631806242,2.62363012015388,166873,33374.6,0.515497338616842,10.000923828979,"171","lunge",6.89273875828626,21.3105309141413,2.30419703752639,1,1.53795980713701,14.417792155855,"mn13_110a"
"167718",167718,18.780805810481,5.07958715148392,94.7245589913449,-17.9199708935832,-113.27380500677,-72.7887372663335,0.760700387750057,-0.215512472489017,0.666445140288721,1.9823006873908,NA,167718,33543.6,0.333918463136273,4.31973915250886,"173","lunge",8.45177493968004,19.635774035336,2.12938813462229,1.0191751676347,1.11021296698759,11.183999095656,"mn13_110a"
"168802",168802,14.5397636156168,4.96354151802345,85.7710251507747,-101.253358739858,-56.5159759659121,-76.5301625664343,0.742050890456269,-0.783586208815912,-0.155912740516684,1.81205190735372,NA,168802,33760.4,0.88644693232741,2.817936735937,"173","lunge",1.78642607709789,16.7916991290691,2.02763512469193,1.02887782594718,0.99875729874475,15.0052730519712,"mn13_110a"
"169495",169495,16.8583897803451,4.99795460071724,65.9877426707955,-87.5866649755088,-118.585103343627,-76.6126044793484,0.527579838195892,-0.811871262213441,0.0342167765001086,1.98654939331358,NA,169495,33899,-0.305599131060564,8.08263898264996,"174","lunge",4.02286622262222,19.3156399706515,2.39851842090403,1.08096249012107,1.31755593078296,15.2927737480293,"mn13_110a"
"170015",170015,14.6807005937188,5.10684968266541,90.0351824830841,-90.4105604562789,-15.9013136585298,-67.2496669362448,0.773120713389424,-0.772626288014148,-0.00553645021201177,2.38606746597956,NA,170015,34003,0.912236790116466,7.5854890480263,"175","lunge",1.427528790022,17.9485553022767,2.407713792263,1.08334232981327,1.32437146244973,16.5210265122547,"mn13_110a"
"170573",170573,15.2812360387597,5.12341552393717,81.7860800230147,-59.3178747478789,-76.1184338350752,-67.2935282991727,0.656342305248061,-0.651792651358946,0.386731177259043,2.38909377148163,NA,170573,34114.6,0.0253658563802288,4.87064890795934,"176","lunge",3.50974012421974,18.4024004832715,2.43784618784081,1,1.45192644249288,14.8926603590518,"mn13_110a"
"171305",171305,15.279050567732,5.06104007712179,146.111078032973,-40.6633491967435,16.8198732668862,-69.5447221239584,0.987472267986914,-0.196040609890794,0.228213359116197,2.14366089251019,2.29452961281805,171305,34261,0.31661917508863,6.03336350030158,"177","lunge",3.67762687921986,18.2633746476398,2.1463971091646,1,1.36314219395651,14.5857477684199,"mn13_110a"
"171628",171628,17.5813813816098,5.03703178499732,92.0890952453353,-59.5602537931502,-105.438417029614,-68.0926871303386,0.817598189942852,-0.679658003413158,0.399387010110962,2.46232648121606,NA,171628,34325.6,1.33118246591455,9.44144155154132,"178","lunge",3.60859868320146,20.9421904816929,2.58556440197704,1.02669543514176,1.55886896683528,17.3335917984914,"mn13_110a"
"171910",171910,21.7925250518147,5.15828896773246,77.4414574973088,-33.7416173455632,-28.7172929453297,-80.5649499428127,0.638049764410124,-0.442040462073985,0.661769877219864,1.74481272992191,NA,171910,34382,0.196357215819254,5.05938693136198,"179","lunge",7.44208210290764,22.840127528514,2.21049399022542,1.17737500745517,1.03311898277025,15.3980454256064,"mn13_110a"
"172355",172355,16.1144139514277,5.10320606052616,82.8936684218758,-89.5684195856759,17.0853508198107,-68.7726198560922,0.711795150672452,-0.806021079768839,0.00607146798149266,2.24802659344277,NA,172355,34471,0.738846985270895,6.31094507908417,"179","lunge",4.60471374320683,18.978640166075,2.3135204202395,1.09657366444166,1.21694675579784,14.3739264228682,"mn13_110a"
"172548",172548,17.0787763883953,5.07389455032136,107.288960802775,-19.6267293355032,-24.9071322622228,-70.6964024188114,0.70652925972317,-0.174680841753236,0.489837555050312,2.15359824537617,1.78960466540024,172548,34509.6,-1.20337358801354,9.6353873639327,"179","lunge",4.6705656260633,20.0596728481224,2.17557913781969,1.06696092533159,1.1086182124881,15.3891072220591,"mn13_110a"
"174558",174558,15.267317499187,4.92548177664139,72.7409127683357,-73.4994428541574,-128.174340394229,-69.3680377718206,0.533933767813271,-0.695135124171484,0.205915757233522,2.39055618529727,NA,174558,34911.6,-0.976855348394864,7.13954412875457,"181","lunge",2.28987963685997,18.6007001848957,2.42069343927539,1.1115104736501,1.30918296562529,16.3108205480357,"mn13_110a"
"175611",175611,15.3566112573571,4.99130861569401,151.242603591823,-36.9466149932841,33.3794544029562,-73.9325256028425,1.11083002294275,-0.171168387145297,0.227589013185287,2.02823727820016,2.06970102713482,175611,35122.2,1.43913936945101,5.74860838829521,"182","lunge",3.31572667210249,18.0083064671397,2.18800083949728,1.05634778942542,1.13165305007186,14.6925797950372,"mn13_110a"
"175903",175903,13.2328722400212,4.94890626070311,70.5147700117336,-97.7464259655958,-82.5727388046622,-65.1812880641222,0.561157313883346,-0.786558137489155,-0.106995891689096,2.41629332399779,NA,175903,35180.6,-0.273399006355801,3.80253161330137,"183","lunge",3.34778028706229,16.0983006051116,2.42948469390765,1.0681281293192,1.36135656458845,12.7505203180493,"mn13_110a"
"176308",176308,21.9275657759887,5.0867129074242,97.9464865650276,-73.8951473829678,163.747931315865,-65.1879728225891,0.753294650958521,-0.629724333100981,0.181818367800232,2.3597618687173,NA,176308,35261.6,-0.0144092698582923,7.2475775539889,"184","lunge",8.67617845830319,24.1198442838074,2.47811122153441,1,1.51972038753394,15.4436658255042,"mn13_110a"
"176604",176604,18.1892185682225,5.12406360245122,94.4915001798636,-34.7400161146416,-4.96050688312316,-70.4590338618361,0.641851705882812,-0.338156762752729,0.487632368406229,2.19664902815765,1.98845888821576,176604,35320.8,-1.2343311835091,4.48347712324101,"185","lunge",5.37788130231691,21.468815242685,2.31282560613049,1.03551736389636,1.27730824223413,16.0909339403681,"mn13_110a"
"176884",176884,17.0930435736722,5.07112384016905,96.0684062838638,-68.7229735685089,178.848418008147,-71.7948703841043,0.684359126987976,-0.573508633735984,0.223336801966106,2.18588058087202,2.51314711893333,176884,35376.8,-0.780594770818724,5.76547452738113,"185","lunge",3.52123155559065,20.6463877974212,2.29981498374731,1,1.34298265420578,17.1251562418305,"mn13_110a"
"177508",177508,15.6347864974776,5.11843163180758,142.939182469967,-132.635921359233,156.827983956147,-69.7199298955218,1.02805594222921,-0.253505062143921,-0.23340334688128,2.1995815069293,2.32139096642172,177508,35501.6,0.826404253410441,8.06207304868107,"186","lunge",1.3386530048314,19.3661628737426,2.21879174098616,1.10684452769717,1.11194721328899,18.0275098689112,"mn13_110a"
"186957",186957,-0.0674204830179228,6.99782863984755,-87.5668295526374,26.1016489074293,171.057538115012,-67.6107008199201,-0.494260122916075,0.226893666848257,0.463113862217069,2.09617272137654,NA,186957,37391.4,-2.80159677480429,51.0610687075956,"193","lunge",-0.0948711726807545,0.0661469656285156,2.15818997992954,1,1.40178700279582,0.16101813830927,"mn13_110a"
